Month,Year,County,Med_Sales,Rec_Sales,ID
12,2019,Weld,314840.0,2448689.0,122019Weld
12,2019,Summit,,2476854.0,122019Summit
12,2019,Sum of NR Counties,27314662.0,116437714.0,122019Sum of NR Counties
12,2019,San Miguel,,444533.0,122019San Miguel
12,2019,San Juan,,13232.0,122019San Juan
12,2019,Saguache,,246391.0,122019Saguache
12,2019,Routt,153737.0,1112789.0,122019Routt
12,2019,Pueblo,754498.0,6312066.0,122019Pueblo
12,2019,Pitkin,,1305423.0,122019Pitkin
12,2019,Park,,405939.0,122019Park
12,2019,Ouray,,730178.0,122019Ouray
12,2019,Morgan,,1452645.0,122019Morgan
12,2019,Montezuma,,1793908.0,122019Montezuma
12,2019,Moffat,,853209.0,122019Moffat
12,2019,Mesa,,1896560.0,122019Mesa
12,2019,Las Animas,27183.0,4024747.0,122019Las Animas
12,2019,Larimer,805873.0,8164102.0,122019Larimer
12,2019,Lake,,241905.0,122019Lake
12,2019,La Plata,,2490195.0,122019La Plata
12,2019,Jefferson,1443914.0,4707227.0,122019Jefferson
12,2019,Huerfano,,170840.0,122019Huerfano
12,2019,Gunnison,,659584.0,122019Gunnison
12,2019,Grand,,655035.0,122019Grand
12,2019,Gilpin,,238682.0,122019Gilpin
12,2019,Garfield,113011.0,1883752.0,122019Garfield
12,2019,El Paso,8251711.0,,122019El Paso
12,2019,Eagle,107825.0,1847271.0,122019Eagle
12,2019,Denver,11636868.0,33246095.0,122019Denver
12,2019,Costilla,,350369.0,122019Costilla
12,2019,Clear Creek,,662522.0,122019Clear Creek
12,2019,Boulder,1214853.0,8622927.0,122019Boulder
12,2019,Archuleta,,893754.0,122019Archuleta
12,2019,Arapahoe,875889.0,12359535.0,122019Arapahoe
12,2019,Adams,708001.0,9632162.0,122019Adams
11,2019,Weld,314633.0,2452994.0,112019Weld
11,2019,Summit,62495.0,1635742.0,112019Summit
11,2019,Sum of NR Counties,26697731.0,114381244.0,112019Sum of NR Counties
11,2019,San Miguel,,200951.0,112019San Miguel
11,2019,Saguache,,250049.0,112019Saguache
11,2019,Routt,155209.0,850163.0,112019Routt
11,2019,Pueblo,775300.0,6525541.0,112019Pueblo
11,2019,Pitkin,,616732.0,112019Pitkin
11,2019,Park,,375600.0,112019Park
11,2019,Morgan,,1614277.0,112019Morgan
11,2019,Montezuma,,1918432.0,112019Montezuma
11,2019,Moffat,,927151.0,112019Moffat
11,2019,Mesa,,1954432.0,112019Mesa
11,2019,Las Animas,27877.0,4384901.0,112019Las Animas
11,2019,Larimer,782261.0,8013976.0,112019Larimer
11,2019,Lake,,224151.0,112019Lake
11,2019,La Plata,,2259703.0,112019La Plata
11,2019,Jefferson,1353642.0,4515281.0,112019Jefferson
11,2019,Huerfano,,182778.0,112019Huerfano
11,2019,Gunnison,,535869.0,112019Gunnison
11,2019,Grand,,444042.0,112019Grand
11,2019,Gilpin,,250692.0,112019Gilpin
11,2019,Garfield,110705.0,1860390.0,112019Garfield
11,2019,El Paso,7950598.0,,112019El Paso
11,2019,Eagle,98948.0,1180699.0,112019Eagle
11,2019,Denver,11411092.0,34648813.0,112019Denver
11,2019,Costilla,,337001.0,112019Costilla
11,2019,Clear Creek,,535899.0,112019Clear Creek
11,2019,Boulder,1357101.0,8483233.0,112019Boulder
11,2019,Archuleta,,699377.0,112019Archuleta
11,2019,Arapahoe,811741.0,12396622.0,112019Arapahoe
11,2019,Adams,685651.0,9451567.0,112019Adams
10,2019,Weld,318300.0,2509429.0,102019Weld
10,2019,Summit,73581.0,1501163.0,102019Summit
10,2019,Sum of NR Counties,850137.0,4777025.0,102019Sum of NR Counties
10,2019,San Miguel,,291816.0,102019San Miguel
10,2019,Saguache,,297666.0,102019Saguache
10,2019,Routt,159723.0,970928.0,102019Routt
10,2019,Pueblo,827745.0,6766568.0,102019Pueblo
10,2019,Pitkin,,781376.0,102019Pitkin
10,2019,Park,,417780.0,102019Park
10,2019,Ouray,,832739.0,102019Ouray
10,2019,Morgan,,1703510.0,102019Morgan
10,2019,Montezuma,,2193331.0,102019Montezuma
10,2019,Moffat,,938222.0,102019Moffat
10,2019,Mesa,,2016637.0,102019Mesa
10,2019,Las Animas,24047.0,4732006.0,102019Las Animas
10,2019,Larimer,832007.0,8323162.0,102019Larimer
10,2019,La Plata,,2602002.0,102019La Plata
10,2019,Jefferson,1324490.0,4884640.0,102019Jefferson
10,2019,Huerfano,,246923.0,102019Huerfano
10,2019,Gunnison,,681223.0,102019Gunnison
10,2019,Grand,,465374.0,102019Grand
10,2019,Gilpin,,289843.0,102019Gilpin
10,2019,Garfield,110987.0,2092588.0,102019Garfield
10,2019,El Paso,9021347.0,,102019El Paso
10,2019,Eagle,97072.0,1207886.0,102019Eagle
10,2019,Denver,12745449.0,36658663.0,102019Denver
10,2019,Costilla,,417345.0,102019Costilla
10,2019,Clear Creek,,616200.0,102019Clear Creek
10,2019,Boulder,1228765.0,8610513.0,102019Boulder
10,2019,Archuleta,,846030.0,102019Archuleta
10,2019,Arapahoe,932864.0,12818898.0,102019Arapahoe
10,2019,Adams,683146.0,9755113.0,102019Adams
9,2019,Weld,319547.0,2488389.0,92019Weld
9,2019,Summit,78799.0,1766747.0,92019Summit
9,2019,San Miguel,,497397.0,92019San Miguel
9,2019,Saguache,,328977.0,92019Saguache
9,2019,Routt,153657.0,1137506.0,92019Routt
9,2019,Pueblo,833119.0,7075867.0,92019Pueblo
9,2019,Pitkin,,1080615.0,92019Pitkin
9,2019,Park,,490736.0,92019Park
9,2019,Ouray,,969806.0,92019Ouray
9,2019,Morgan,,1814560.0,92019Morgan
9,2019,Montezuma,,2236163.0,92019Montezuma
9,2019,Moffat,,941147.0,92019Moffat
9,2019,Mesa,,2096230.0,92019Mesa
9,2019,Las Animas,26096.0,5283914.0,92019Las Animas
9,2019,Larimer,797466.0,8330812.0,92019Larimer
9,2019,Lake,,339220.0,92019Lake
9,2019,La Plata,,2703739.0,92019La Plata
9,2019,Jefferson,1314993.0,4895351.0,92019Jefferson
9,2019,Huerfano,,296572.0,92019Huerfano
9,2019,Gunnison,,856666.0,92019Gunnison
9,2019,Grand,,615627.0,92019Grand
9,2019,Gilpin,,237204.0,92019Gilpin
9,2019,Garfield,105595.0,2248930.0,92019Garfield
9,2019,Fremont,168380.0,,92019Fremont
9,2019,El Paso,8842307.0,,92019El Paso
9,2019,Eagle,96109.0,1393391.0,92019Eagle
9,2019,Denver,12356485.0,37916128.0,92019Denver
9,2019,Costilla,,481640.0,92019Costilla
9,2019,Clear Creek,11791.0,718321.0,92019Clear Creek
9,2019,Boulder,1165078.0,9284700.0,92019Boulder
9,2019,Archuleta,,1014873.0,92019Archuleta
9,2019,Arapahoe,866332.0,12830887.0,92019Arapahoe
9,2019,Adams,731170.0,9752924.0,92019Adams
8,2019,Weld,351554.0,2481294.0,82019Weld
8,2019,Summit,75201.0,2185290.0,82019Summit
8,2019,San Miguel,,533833.0,82019San Miguel
8,2019,San Juan,,121885.0,82019San Juan
8,2019,Saguache,,371636.0,82019Saguache
8,2019,Routt,152079.0,1180583.0,82019Routt
8,2019,Pueblo,908369.0,8022564.0,82019Pueblo
8,2019,Pitkin,,1444148.0,82019Pitkin
8,2019,Park,,515847.0,82019Park
8,2019,Ouray,,974730.0,82019Ouray
8,2019,Morgan,,1952180.0,82019Morgan
8,2019,Montezuma,,2379204.0,82019Montezuma
8,2019,Moffat,,954918.0,82019Moffat
8,2019,Mesa,,2099263.0,82019Mesa
8,2019,Las Animas,55576.0,6596831.0,82019Las Animas
8,2019,Larimer,830557.0,8922915.0,82019Larimer
8,2019,La Plata,,2952663.0,82019La Plata
8,2019,Jefferson,1538794.0,5509978.0,82019Jefferson
8,2019,Huerfano,,335825.0,82019Huerfano
8,2019,Gunnison,,999651.0,82019Gunnison
8,2019,Grand,,706335.0,82019Grand
8,2019,Gilpin,,257280.0,82019Gilpin
8,2019,Garfield,106647.0,2482081.0,82019Garfield
8,2019,El Paso,10095380.0,,82019El Paso
8,2019,Eagle,110662.0,1704479.0,82019Eagle
8,2019,Denver,13211048.0,43018205.0,82019Denver
8,2019,Costilla,,533246.0,82019Costilla
8,2019,Clear Creek,,838619.0,82019Clear Creek
8,2019,Chaffee,,746184.0,82019Chaffee
8,2019,Boulder,1198666.0,10131205.0,82019Boulder
8,2019,Archuleta,,1146192.0,82019Archuleta
8,2019,Arapahoe,940341.0,14224608.0,82019Arapahoe
8,2019,Adams,826903.0,10611452.0,82019Adams
7,2019,Weld,315974.0,2253999.0,72019Weld
7,2019,Summit,,2321296.0,72019Summit
7,2019,Sum of NR Counties,731373.0,5026754.0,72019Sum of NR Counties
7,2019,San Miguel,,598904.0,72019San Miguel
7,2019,Saguache,,338997.0,72019Saguache
7,2019,Routt,138343.0,1172448.0,72019Routt
7,2019,Pueblo,887221.0,7718630.0,72019Pueblo
7,2019,Pitkin,,1424271.0,72019Pitkin
7,2019,Park,,545077.0,72019Park
7,2019,Ouray,,915949.0,72019Ouray
7,2019,Morgan,,1661346.0,72019Morgan
7,2019,Montezuma,39297.0,2268925.0,72019Montezuma
7,2019,Moffat,,845115.0,72019Moffat
7,2019,Mesa,,1986339.0,72019Mesa
7,2019,Las Animas,39874.0,5983076.0,72019Las Animas
7,2019,Larimer,788774.0,8367530.0,72019Larimer
7,2019,Lake,,368841.0,72019Lake
7,2019,La Plata,,2844294.0,72019La Plata
7,2019,Jefferson,1405637.0,5198994.0,72019Jefferson
7,2019,Huerfano,,338563.0,72019Huerfano
7,2019,Gunnison,,1029159.0,72019Gunnison
7,2019,Grand,,764812.0,72019Grand
7,2019,Garfield,110091.0,2346451.0,72019Garfield
7,2019,Fremont,165281.0,,72019Fremont
7,2019,El Paso,9792834.0,,72019El Paso
7,2019,Eagle,104621.0,1713739.0,72019Eagle
7,2019,Denver,13134715.0,41013102.0,72019Denver
7,2019,Costilla,,521095.0,72019Costilla
7,2019,Clear Creek,,844933.0,72019Clear Creek
7,2019,Chaffee,,779946.0,72019Chaffee
7,2019,Boulder,1160910.0,10013202.0,72019Boulder
7,2019,Archuleta,,1206281.0,72019Archuleta
7,2019,Arapahoe,861782.0,13602987.0,72019Arapahoe
7,2019,Adams,713244.0,9889690.0,72019Adams
6,2019,Weld,311967.0,2352064.0,62019Weld
6,2019,Summit,74340.0,1736484.0,62019Summit
6,2019,Sum of NR Counties,791130.0,4658836.0,62019Sum of NR Counties
6,2019,San Miguel,,469822.0,62019San Miguel
6,2019,Saguache,,286055.0,62019Saguache
6,2019,Routt,142624.0,948687.0,62019Routt
6,2019,Pueblo,677697.0,6887823.0,62019Pueblo
6,2019,Pitkin,,996927.0,62019Pitkin
6,2019,Park,,455450.0,62019Park
6,2019,Morgan,,1447340.0,62019Morgan
6,2019,Montezuma,,1901689.0,62019Montezuma
6,2019,Moffat,,795081.0,62019Moffat
6,2019,Mesa,,1925607.0,62019Mesa
6,2019,Las Animas,38607.0,5314210.0,62019Las Animas
6,2019,Larimer,1336184.0,7642805.0,62019Larimer
6,2019,Lake,,277973.0,62019Lake
6,2019,La Plata,,2974674.0,62019La Plata
6,2019,Jefferson,1284543.0,4823369.0,62019Jefferson
6,2019,Huerfano,,212900.0,62019Huerfano
6,2019,Gunnison,,709385.0,62019Gunnison
6,2019,Grand,,549428.0,62019Grand
6,2019,Gilpin,,281427.0,62019Gilpin
6,2019,Garfield,122326.0,2164755.0,62019Garfield
6,2019,El Paso,9578226.0,,62019El Paso
6,2019,Eagle,89204.0,1317333.0,62019Eagle
6,2019,Denver,12684305.0,38530815.0,62019Denver
6,2019,Costilla,,447991.0,62019Costilla
6,2019,Clear Creek,,669502.0,62019Clear Creek
6,2019,Chaffee,,629447.0,62019Chaffee
6,2019,Boulder,1036137.0,8880820.0,62019Boulder
6,2019,Archuleta,,958126.0,62019Archuleta
6,2019,Arapahoe,787756.0,12303288.0,62019Arapahoe
6,2019,Adams,698316.0,8822616.0,62019Adams
5,2019,Weld,313835.0,2310239.0,52019Weld
5,2019,Summit,82717.0,1356620.0,52019Summit
5,2019,Sum of NR Counties,823838.0,4362599.0,52019Sum of NR Counties
5,2019,San Miguel,,227610.0,52019San Miguel
5,2019,Saguache,,256967.0,52019Saguache
5,2019,Routt,137484.0,771517.0,52019Routt
5,2019,Pueblo,777080.0,6412447.0,52019Pueblo
5,2019,Pitkin,55475.0,576807.0,52019Pitkin
5,2019,Park,,377648.0,52019Park
5,2019,Morgan,,1279570.0,52019Morgan
5,2019,Montezuma,,1762895.0,52019Montezuma
5,2019,Moffat,,728850.0,52019Moffat
5,2019,Mesa,,1878469.0,52019Mesa
5,2019,Las Animas,64389.0,4197971.0,52019Las Animas
5,2019,Larimer,800165.0,7422167.0,52019Larimer
5,2019,La Plata,,2737859.0,52019La Plata
5,2019,Jefferson,1355225.0,4716515.0,52019Jefferson
5,2019,Huerfano,,243954.0,52019Huerfano
5,2019,Gunnison,,536027.0,52019Gunnison
5,2019,Grand,,396004.0,52019Grand
5,2019,Gilpin,,262353.0,52019Gilpin
5,2019,Garfield,126620.0,2112194.0,52019Garfield
5,2019,El Paso,9306251.0,,52019El Paso
5,2019,Eagle,86267.0,1032881.0,52019Eagle
5,2019,Denver,12805536.0,36761879.0,52019Denver
5,2019,Costilla,,390105.0,52019Costilla
5,2019,Clear Creek,,563276.0,52019Clear Creek
5,2019,Chaffee,,483702.0,52019Chaffee
5,2019,Boulder,1156589.0,8711541.0,52019Boulder
5,2019,Archuleta,,706823.0,52019Archuleta
5,2019,Arapahoe,866549.0,11666375.0,52019Arapahoe
5,2019,Adams,688338.0,8417055.0,52019Adams
4,2019,Weld,318358.0,2197597.0,42019Weld
4,2019,Summit,92687.0,1682309.0,42019Summit
4,2019,Sum of NR Counties,785480.0,2931606.0,42019Sum of NR Counties
4,2019,San Miguel,,223250.0,42019San Miguel
4,2019,Saguache,,201306.0,42019Saguache
4,2019,Routt,141676.0,816399.0,42019Routt
4,2019,Pueblo,719742.0,5827490.0,42019Pueblo
4,2019,Pitkin,60498.0,829186.0,42019Pitkin
4,2019,Park,,344036.0,42019Park
4,2019,Ouray,,625800.0,42019Ouray
4,2019,Morgan,,1186345.0,42019Morgan
4,2019,Montezuma,47348.0,1832405.0,42019Montezuma
4,2019,Moffat,,622107.0,42019Moffat
4,2019,Mesa,,1719091.0,42019Mesa
4,2019,Las Animas,34184.0,3987534.0,42019Las Animas
4,2019,Larimer,801662.0,6857558.0,42019Larimer
4,2019,La Plata,,2077106.0,42019La Plata
4,2019,Jefferson,1221673.0,4453056.0,42019Jefferson
4,2019,Huerfano,,145093.0,42019Huerfano
4,2019,Gunnison,,495750.0,42019Gunnison
4,2019,Grand,,422678.0,42019Grand
4,2019,Gilpin,,161627.0,42019Gilpin
4,2019,Garfield,115501.0,1912690.0,42019Garfield
4,2019,El Paso,8471384.0,,42019El Paso
4,2019,Eagle,90807.0,1293253.0,42019Eagle
4,2019,Denver,12355779.0,35849262.0,42019Denver
4,2019,Costilla,,327009.0,42019Costilla
4,2019,Conejos,,487509.0,42019Conejos
4,2019,Clear Creek,,541179.0,42019Clear Creek
4,2019,Chaffee,,407018.0,42019Chaffee
4,2019,Boulder,1167776.0,7966512.0,42019Boulder
4,2019,Archuleta,,607638.0,42019Archuleta
4,2019,Arapahoe,861301.0,10818518.0,42019Arapahoe
4,2019,Adams,657538.0,8088858.0,42019Adams
3,2019,Weld,324054.0,2371653.0,32019Weld
3,2019,Summit,90465.0,3071178.0,32019Summit
3,2019,Sum of NR Counties,792987.0,4887349.0,32019Sum of NR Counties
3,2019,San Miguel,,586071.0,32019San Miguel
3,2019,Saguache,,170926.0,32019Saguache
3,2019,Routt,149654.0,1248490.0,32019Routt
3,2019,Pueblo,654207.0,6165091.0,32019Pueblo
3,2019,Pitkin,53366.0,1617563.0,32019Pitkin
3,2019,Park,,407207.0,32019Park
3,2019,Ouray,,686123.0,32019Ouray
3,2019,Montezuma,44973.0,1891600.0,32019Montezuma
3,2019,Moffat,,634643.0,32019Moffat
3,2019,Mesa,,1798281.0,32019Mesa
3,2019,Las Animas,39741.0,4235173.0,32019Las Animas
3,2019,Larimer,846068.0,6934865.0,32019Larimer
3,2019,La Plata,,2291152.0,32019La Plata
3,2019,Jefferson,1339825.0,4619785.0,32019Jefferson
3,2019,Huerfano,,190779.0,32019Huerfano
3,2019,Gunnison,,698438.0,32019Gunnison
3,2019,Grand,,716797.0,32019Grand
3,2019,Gilpin,,177017.0,32019Gilpin
3,2019,Garfield,160604.0,1940686.0,32019Garfield
3,2019,El Paso,8576412.0,,32019El Paso
3,2019,Eagle,85720.0,2048364.0,32019Eagle
3,2019,Denver,12204058.0,35328169.0,32019Denver
3,2019,Costilla,0.0,346503.0,32019Costilla
3,2019,Clear Creek,,693843.0,32019Clear Creek
3,2019,Chaffee,,491071.0,32019Chaffee
3,2019,Boulder,1176332.0,8011970.0,32019Boulder
3,2019,Archuleta,0.0,854243.0,32019Archuleta
3,2019,Arapahoe,803133.0,11006224.0,32019Arapahoe
3,2019,Adams,756266.0,8196485.0,32019Adams
2,2019,Weld,301255.0,2121200.0,22019Weld
2,2019,Summit,80495.0,2709353.0,22019Summit
2,2019,Sum of NR Counties,773890.0,2273396.0,22019Sum of NR Counties
2,2019,San Miguel,,525448.0,22019San Miguel
2,2019,Saguache,,132672.0,22019Saguache
2,2019,Routt,130873.0,1201186.0,22019Routt
2,2019,Pueblo,588137.0,4808565.0,22019Pueblo
2,2019,Pitkin,48006.0,1317786.0,22019Pitkin
2,2019,Park,,335651.0,22019Park
2,2019,Ouray,,566827.0,22019Ouray
2,2019,Morgan,,947765.0,22019Morgan
2,2019,Montezuma,80095.0,1524410.0,22019Montezuma
2,2019,Moffat,,506751.0,22019Moffat
2,2019,Mesa,,1487806.0,22019Mesa
2,2019,Las Animas,20555.0,3544538.0,22019Las Animas
2,2019,Larimer,756816.0,5846839.0,22019Larimer
2,2019,Lake,,221282.0,22019Lake
2,2019,La Plata,,1858880.0,22019La Plata
2,2019,Jefferson,1074048.0,3920449.0,22019Jefferson
2,2019,Gunnison,,564334.0,22019Gunnison
2,2019,Grand,,568922.0,22019Grand
2,2019,Gilpin,,139878.0,22019Gilpin
2,2019,Garfield,135259.0,1567583.0,22019Garfield
2,2019,El Paso,7212439.0,,22019El Paso
2,2019,Eagle,,1852626.0,22019Eagle
2,2019,Denver,10417954.0,29458298.0,22019Denver
2,2019,Costilla,,287714.0,22019Costilla
2,2019,Conejos,,405953.0,22019Conejos
2,2019,Clear Creek,,619310.0,22019Clear Creek
2,2019,Chaffee,,378248.0,22019Chaffee
2,2019,Boulder,1084974.0,6792018.0,22019Boulder
2,2019,Archuleta,,641197.0,22019Archuleta
2,2019,Arapahoe,732363.0,9291100.0,22019Arapahoe
2,2019,Adams,645769.0,6906948.0,22019Adams
11,2018,Weld,350896.0,2346003.0,112018Weld
11,2018,Summit,90339.0,1504585.0,112018Summit
11,2018,San Miguel,,200869.0,112018San Miguel
11,2018,Saguache,,139665.0,112018Saguache
11,2018,Routt,125491.0,758528.0,112018Routt
11,2018,Pueblo,602548.0,4868317.0,112018Pueblo
11,2018,Pitkin,33385.0,599002.0,112018Pitkin
11,2018,Park,,324363.0,112018Park
11,2018,Ouray,,549988.0,112018Ouray
11,2018,Montezuma,45252.0,1751540.0,112018Montezuma
11,2018,Moffat,,500264.0,112018Moffat
11,2018,Mesa,,1553111.0,112018Mesa
11,2018,Las Animas,23048.0,4067789.0,112018Las Animas
11,2018,Larimer,894188.0,6471039.0,112018Larimer
11,2018,Lake,,193034.0,112018Lake
11,2018,La Plata,,1916314.0,112018La Plata
11,2018,Jefferson,1305975.0,4135774.0,112018Jefferson
11,2018,Gunnison,,459020.0,112018Gunnison
11,2018,Grand,,385453.0,112018Grand
11,2018,Gilpin,,171444.0,112018Gilpin
11,2018,Garfield,118710.0,1540424.0,112018Garfield
11,2018,Fremont,112642.0,,112018Fremont
11,2018,El Paso,7203476.0,,112018El Paso
11,2018,Eagle,84221.0,1073888.0,112018Eagle
11,2018,Denver,11829016.0,31470367.0,112018Denver
11,2018,Costilla,,293351.0,112018Costilla
11,2018,Conejos,,448685.0,112018Conejos
11,2018,Clear Creek,23148.0,478979.0,112018Clear Creek
11,2018,Chaffee,,379794.0,112018Chaffee
11,2018,Boulder,1277657.0,7404306.0,112018Boulder
11,2018,Archuleta,,629695.0,112018Archuleta
11,2018,Arapahoe,793814.0,10251205.0,112018Arapahoe
11,2018,Adams,475793.0,7404234.0,112018Adams
10,2018,Weld,334645.0,2362252.0,102018Weld
10,2018,Summit,92669.0,1336205.0,102018Summit
10,2018,San Miguel,,284125.0,102018San Miguel
10,2018,Saguache,,175549.0,102018Saguache
10,2018,Routt,132712.0,851265.0,102018Routt
10,2018,Pueblo,769549.0,5001654.0,102018Pueblo
10,2018,Pitkin,33868.0,694980.0,102018Pitkin
10,2018,Park,,368779.0,102018Park
10,2018,Ouray,,612355.0,102018Ouray
10,2018,Montezuma,44755.0,1896742.0,102018Montezuma
10,2018,Moffat,,510016.0,102018Moffat
10,2018,Mesa,,1647110.0,102018Mesa
10,2018,Las Animas,27666.0,4273377.0,102018Las Animas
10,2018,Larimer,932833.0,6622929.0,102018Larimer
10,2018,Lake,,218867.0,102018Lake
10,2018,La Plata,,2153231.0,102018La Plata
10,2018,Jefferson,1249935.0,4153968.0,102018Jefferson
10,2018,Gunnison,,567511.0,102018Gunnison
10,2018,Grand,,392970.0,102018Grand
10,2018,Gilpin,,194984.0,102018Gilpin
10,2018,Garfield,162367.0,1690316.0,102018Garfield
10,2018,El Paso,7882342.0,,102018El Paso
10,2018,Eagle,86610.0,1069220.0,102018Eagle
10,2018,Denver,12720334.0,32338630.0,102018Denver
10,2018,Costilla,,349525.0,102018Costilla
10,2018,Conejos,,514891.0,102018Conejos
10,2018,Clear Creek,21140.0,516655.0,102018Clear Creek
10,2018,Chaffee,,445329.0,102018Chaffee
10,2018,Boulder,1287700.0,7850413.0,102018Boulder
10,2018,Archuleta,,722415.0,102018Archuleta
10,2018,Arapahoe,826764.0,10245761.0,102018Arapahoe
10,2018,Adams,509170.0,7365401.0,102018Adams
9,2018,Weld,313809.0,2372200.0,92018Weld
9,2018,Summit,94092.0,1613075.0,92018Summit
9,2018,San Miguel,,509927.0,92018San Miguel
9,2018,Saguache,,207584.0,92018Saguache
9,2018,Routt,135149.0,968797.0,92018Routt
9,2018,Pueblo,566009.0,5377188.0,92018Pueblo
9,2018,Pitkin,44125.0,1030932.0,92018Pitkin
9,2018,Park,,435826.0,92018Park
9,2018,Ouray,,767446.0,92018Ouray
9,2018,Montezuma,94993.0,1978519.0,92018Montezuma
9,2018,Moffat,,518034.0,92018Moffat
9,2018,Mesa,,1754898.0,92018Mesa
9,2018,Las Animas,27817.0,4765052.0,92018Las Animas
9,2018,Larimer,936033.0,6631199.0,92018Larimer
9,2018,Lake,,272478.0,92018Lake
9,2018,La Plata,,2338202.0,92018La Plata
9,2018,Jefferson,1247843.0,4299667.0,92018Jefferson
9,2018,Gunnison,,760759.0,92018Gunnison
9,2018,Grand,,479851.0,92018Grand
9,2018,Gilpin,,241174.0,92018Gilpin
9,2018,Garfield,182576.0,1905410.0,92018Garfield
9,2018,El Paso,7786421.0,,92018El Paso
9,2018,Eagle,96626.0,1282007.0,92018Eagle
9,2018,Denver,12967617.0,34127926.0,92018Denver
9,2018,Costilla,,441921.0,92018Costilla
9,2018,Conejos,,607872.0,92018Conejos
9,2018,Clear Creek,28653.0,620626.0,92018Clear Creek
9,2018,Chaffee,,580551.0,92018Chaffee
9,2018,Boulder,1299455.0,8099831.0,92018Boulder
9,2018,Archuleta,,840533.0,92018Archuleta
9,2018,Arapahoe,889138.0,10127781.0,92018Arapahoe
9,2018,Adams,398277.0,7362649.0,92018Adams
8,2018,Weld,331928.0,2539739.0,82018Weld
8,2018,Summit,104527.0,2018092.0,82018Summit
8,2018,San Miguel,,496399.0,82018San Miguel
8,2018,Saguache,,198805.0,82018Saguache
8,2018,Routt,157402.0,1028248.0,82018Routt
8,2018,Pueblo,580863.0,5468826.0,82018Pueblo
8,2018,Pitkin,,1362818.0,82018Pitkin
8,2018,Park,,460047.0,82018Park
8,2018,Ouray,,757172.0,82018Ouray
8,2018,Morgan,,1147988.0,82018Morgan
8,2018,Montezuma,97884.0,2031697.0,82018Montezuma
8,2018,Mesa,,1737216.0,82018Mesa
8,2018,Las Animas,40494.0,4699321.0,82018Las Animas
8,2018,Larimer,1030583.0,6820019.0,82018Larimer
8,2018,Lake,,330557.0,82018Lake
8,2018,La Plata,,2370568.0,82018La Plata
8,2018,Jefferson,1286756.0,4650674.0,82018Jefferson
8,2018,Gunnison,,897237.0,82018Gunnison
8,2018,Grand,,555069.0,82018Grand
8,2018,Gilpin,,256201.0,82018Gilpin
8,2018,Garfield,186408.0,1914968.0,82018Garfield
8,2018,El Paso,7955801.0,,82018El Paso
8,2018,Eagle,100482.0,1600012.0,82018Eagle
8,2018,Denver,12797280.0,35343772.0,82018Denver
8,2018,Costilla,,473881.0,82018Costilla
8,2018,Conejos,,651028.0,82018Conejos
8,2018,Clear Creek,,688187.0,82018Clear Creek
8,2018,Chaffee,,650455.0,82018Chaffee
8,2018,Boulder,1415106.0,8774472.0,82018Boulder
8,2018,Archuleta,,906585.0,82018Archuleta
8,2018,Arapahoe,808360.0,10661253.0,82018Arapahoe
8,2018,Adams,400754.0,7613627.0,82018Adams
7,2018,Weld,312813.0,2480209.0,72018Weld
7,2018,Summit,91088.0,2193931.0,72018Summit
7,2018,San Miguel,,544147.0,72018San Miguel
7,2018,Saguache,,191002.0,72018Saguache
7,2018,Routt,136681.0,1082308.0,72018Routt
7,2018,Pueblo,492063.0,5249580.0,72018Pueblo
7,2018,Pitkin,47118.0,1357126.0,72018Pitkin
7,2018,Park,,487238.0,72018Park
7,2018,Ouray,,751062.0,72018Ouray
7,2018,Morgan,,1115451.0,72018Morgan
7,2018,Montezuma,92530.0,2031292.0,72018Montezuma
7,2018,Mesa,,1674477.0,72018Mesa
7,2018,Las Animas,31952.0,4704196.0,72018Las Animas
7,2018,Larimer,981720.0,6570637.0,72018Larimer
7,2018,Lake,,318683.0,72018Lake
7,2018,La Plata,238044.0,2366479.0,72018La Plata
7,2018,Jefferson,1161582.0,4575835.0,72018Jefferson
7,2018,Gunnison,,954926.0,72018Gunnison
7,2018,Grand,,629538.0,72018Grand
7,2018,Gilpin,,266111.0,72018Gilpin
7,2018,Garfield,218285.0,1917005.0,72018Garfield
7,2018,Fremont,145139.0,,72018Fremont
7,2018,El Paso,7837080.0,,72018El Paso
7,2018,Eagle,91750.0,1582803.0,72018Eagle
7,2018,Denver,11859418.0,34154291.0,72018Denver
7,2018,Costilla,,450314.0,72018Costilla
7,2018,Conejos,,621884.0,72018Conejos
7,2018,Clear Creek,23986.0,730165.0,72018Clear Creek
7,2018,Chaffee,,699379.0,72018Chaffee
7,2018,Boulder,1466872.0,8764549.0,72018Boulder
7,2018,Archuleta,,1015573.0,72018Archuleta
7,2018,Arapahoe,854281.0,10500847.0,72018Arapahoe
7,2018,Adams,600899.0,7412565.0,72018Adams
6,2018,Weld,331725.0,2379519.0,62018Weld
6,2018,Summit,84313.0,1668835.0,62018Summit
6,2018,San Miguel,,453787.0,62018San Miguel
6,2018,Saguache,,173495.0,62018Saguache
6,2018,Routt,126739.0,899556.0,62018Routt
6,2018,Pueblo,692724.0,4836544.0,62018Pueblo
6,2018,Pitkin,52088.0,919527.0,62018Pitkin
6,2018,Park,,409810.0,62018Park
6,2018,Ouray,,666243.0,62018Ouray
6,2018,Morgan,,1067039.0,62018Morgan
6,2018,Montezuma,59954.0,2023138.0,62018Montezuma
6,2018,Mesa,,1654095.0,62018Mesa
6,2018,Las Animas,39736.0,4436437.0,62018Las Animas
6,2018,Larimer,965461.0,6087233.0,62018Larimer
6,2018,La Plata,256422.0,2045737.0,62018La Plata
6,2018,Jefferson,1194256.0,4376615.0,62018Jefferson
6,2018,Gunnison,,697112.0,62018Gunnison
6,2018,Grand,,471237.0,62018Grand
6,2018,Gilpin,,240622.0,62018Gilpin
6,2018,Garfield,253141.0,1711546.0,62018Garfield
6,2018,Fremont,153170.0,,62018Fremont
6,2018,El Paso,8272114.0,,62018El Paso
6,2018,Eagle,99986.0,1273668.0,62018Eagle
6,2018,Denver,11375581.0,32336676.0,62018Denver
6,2018,Costilla,,408573.0,62018Costilla
6,2018,Conejos,,558542.0,62018Conejos
6,2018,Clear Creek,22895.0,633162.0,62018Clear Creek
6,2018,Chaffee,,578419.0,62018Chaffee
6,2018,Boulder,1430060.0,7752657.0,62018Boulder
6,2018,Archuleta,,834469.0,62018Archuleta
6,2018,Arapahoe,769443.0,10003372.0,62018Arapahoe
6,2018,Adams,355054.0,7071943.0,62018Adams
5,2018,Weld,331438.0,2396424.0,52018Weld
5,2018,Summit,103122.0,1225108.0,52018Summit
5,2018,San Miguel,,235398.0,52018San Miguel
5,2018,Saguache,,151704.0,52018Saguache
5,2018,Routt,152758.0,717802.0,52018Routt
5,2018,Pueblo,436538.0,4619173.0,52018Pueblo
5,2018,Pitkin,46482.0,561866.0,52018Pitkin
5,2018,Park,,357535.0,52018Park
5,2018,Ouray,,592357.0,52018Ouray
5,2018,Morgan,,1000228.0,52018Morgan
5,2018,Montezuma,47400.0,1967881.0,52018Montezuma
5,2018,Mesa,,1605904.0,52018Mesa
5,2018,Las Animas,44907.0,4082306.0,52018Las Animas
5,2018,Larimer,984003.0,5891148.0,52018Larimer
5,2018,La Plata,257014.0,2086680.0,52018La Plata
5,2018,Jefferson,1262338.0,4153426.0,52018Jefferson
5,2018,Gunnison,,487921.0,52018Gunnison
5,2018,Grand,,309809.0,52018Grand
5,2018,Gilpin,,219588.0,52018Gilpin
5,2018,Garfield,252772.0,1577479.0,52018Garfield
5,2018,Fremont,147909.0,,52018Fremont
5,2018,El Paso,7332608.0,,52018El Paso
5,2018,Eagle,96713.0,968533.0,52018Eagle
5,2018,Denver,11380605.0,31592911.0,52018Denver
5,2018,Costilla,,322017.0,52018Costilla
5,2018,Conejos,,495930.0,52018Conejos
5,2018,Clear Creek,28054.0,518925.0,52018Clear Creek
5,2018,Chaffee,,457767.0,52018Chaffee
5,2018,Boulder,1540156.0,7305495.0,52018Boulder
5,2018,Archuleta,,633849.0,52018Archuleta
5,2018,Arapahoe,842104.0,9846235.0,52018Arapahoe
5,2018,Adams,390116.0,6884789.0,52018Adams
4,2018,Weld,375487.0,2421030.0,42018Weld
4,2018,Summit,113189.0,1543168.0,42018Summit
4,2018,San Miguel,,219836.0,42018San Miguel
4,2018,Saguache,,137104.0,42018Saguache
4,2018,Routt,157073.0,790286.0,42018Routt
4,2018,Pueblo,478009.0,4436171.0,42018Pueblo
4,2018,Pitkin,54543.0,699425.0,42018Pitkin
4,2018,Park,,325805.0,42018Park
4,2018,Montezuma,45539.0,1905829.0,42018Montezuma
4,2018,Mesa,,1482947.0,42018Mesa
4,2018,Las Animas,34180.0,3934794.0,42018Las Animas
4,2018,Larimer,1108635.0,5632150.0,42018Larimer
4,2018,Lake,,197779.0,42018Lake
4,2018,La Plata,228755.0,1863227.0,42018La Plata
4,2018,Jefferson,1084394.0,4142771.0,42018Jefferson
4,2018,Gunnison,,437758.0,42018Gunnison
4,2018,Grand,,343222.0,42018Grand
4,2018,Gilpin,,212366.0,42018Gilpin
4,2018,Garfield,252013.0,1503426.0,42018Garfield
4,2018,Fremont,141438.0,,42018Fremont
4,2018,El Paso,7826668.0,,42018El Paso
4,2018,Eagle,97151.0,1144193.0,42018Eagle
4,2018,Denver,11689420.0,33791852.0,42018Denver
4,2018,Costilla,,292932.0,42018Costilla
4,2018,Conejos,,435677.0,42018Conejos
4,2018,Clear Creek,,490554.0,42018Clear Creek
4,2018,Chaffee,,393528.0,42018Chaffee
4,2018,Boulder,1601589.0,6957538.0,42018Boulder
4,2018,Archuleta,,502525.0,42018Archuleta
4,2018,Arapahoe,741609.0,9954701.0,42018Arapahoe
4,2018,Adams,417502.0,6868698.0,42018Adams
3,2018,Weld,370633.0,2681871.0,32018Weld
3,2018,Summit,121159.0,3061330.0,32018Summit
3,2018,San Miguel,,503751.0,32018San Miguel
3,2018,Saguache,,137847.0,32018Saguache
3,2018,Routt,168347.0,1153952.0,32018Routt
3,2018,Pueblo,574112.0,4770132.0,32018Pueblo
3,2018,Pitkin,,1517035.0,32018Pitkin
3,2018,Park,,386538.0,32018Park
3,2018,Morgan,,1062942.0,32018Morgan
3,2018,Montezuma,57109.0,2033604.0,32018Montezuma
3,2018,Mesa,,1535841.0,32018Mesa
3,2018,Las Animas,32453.0,4619588.0,32018Las Animas
3,2018,Larimer,1151055.0,5839729.0,32018Larimer
3,2018,Lake,,240748.0,32018Lake
3,2018,La Plata,251773.0,2154494.0,32018La Plata
3,2018,Jefferson,1413017.0,4318064.0,32018Jefferson
3,2018,Gilpin,,223369.0,32018Gilpin
3,2018,Garfield,288623.0,1625638.0,32018Garfield
3,2018,Fremont,120020.0,,32018Fremont
3,2018,El Paso,8239341.0,,32018El Paso
3,2018,Eagle,107351.0,1888834.0,32018Eagle
3,2018,Denver,12756286.0,34757371.0,32018Denver
3,2018,Costilla,,335071.0,32018Costilla
3,2018,Conejos,,482119.0,32018Conejos
3,2018,Clear Creek,42961.0,709544.0,32018Clear Creek
3,2018,Chaffee,,469806.0,32018Chaffee
3,2018,Boulder,1691157.0,7245363.0,32018Boulder
3,2018,Archuleta,,785123.0,32018Archuleta
3,2018,Arapahoe,831623.0,9956392.0,32018Arapahoe
3,2018,Adams,455735.0,6602994.0,32018Adams
2,2018,Weld,327679.0,2298788.0,22018Weld
2,2018,Summit,106905.0,2548153.0,22018Summit
2,2018,San Miguel,,428164.0,22018San Miguel
2,2018,Saguache,,98025.0,22018Saguache
2,2018,Routt,158779.0,1072374.0,22018Routt
2,2018,Pueblo,508986.0,3697366.0,22018Pueblo
2,2018,Pitkin,58230.0,1215285.0,22018Pitkin
2,2018,Park,,303972.0,22018Park
2,2018,Ouray,,436779.0,22018Ouray
2,2018,Morgan,,821939.0,22018Morgan
2,2018,Montezuma,52213.0,1646139.0,22018Montezuma
2,2018,Mesa,,1179371.0,22018Mesa
2,2018,Las Animas,36072.0,3477803.0,22018Las Animas
2,2018,Larimer,1057880.0,4825740.0,22018Larimer
2,2018,Lake,,197617.0,22018Lake
2,2018,La Plata,277446.0,1752698.0,22018La Plata
2,2018,Jefferson,1205386.0,3648040.0,22018Jefferson
2,2018,Gunnison,,518883.0,22018Gunnison
2,2018,Grand,,455352.0,22018Grand
2,2018,Gilpin,,162046.0,22018Gilpin
2,2018,Garfield,239710.0,1361931.0,22018Garfield
2,2018,Fremont,134945.0,,22018Fremont
2,2018,El Paso,7412365.0,,22018El Paso
2,2018,Eagle,119561.0,1633799.0,22018Eagle
2,2018,Denver,11430319.0,27629202.0,22018Denver
2,2018,Costilla,,254480.0,22018Costilla
2,2018,Conejos,,383902.0,22018Conejos
2,2018,Clear Creek,28097.0,578860.0,22018Clear Creek
2,2018,Chaffee,,364706.0,22018Chaffee
2,2018,Boulder,1481838.0,5937258.0,22018Boulder
2,2018,Archuleta,,568046.0,22018Archuleta
2,2018,Arapahoe,788639.0,8659080.0,22018Arapahoe
2,2018,Adams,686490.0,5562602.0,22018Adams
1,2018,Weld,348569.0,2300531.0,12018Weld
1,2018,Summit,118928.0,2841769.0,12018Summit
1,2018,San Miguel,,484986.0,12018San Miguel
1,2018,Saguache,,99344.0,12018Saguache
1,2018,Routt,165408.0,1140165.0,12018Routt
1,2018,Pueblo,531897.0,3448129.0,12018Pueblo
1,2018,Pitkin,65391.0,1361900.0,12018Pitkin
1,2018,Park,,334849.0,12018Park
1,2018,Ouray,,409591.0,12018Ouray
1,2018,Morgan,,748636.0,12018Morgan
1,2018,Montezuma,54617.0,1514572.0,12018Montezuma
1,2018,Mesa,,1069286.0,12018Mesa
1,2018,Las Animas,44461.0,3370017.0,12018Las Animas
1,2018,Larimer,1122353.0,4982764.0,12018Larimer
1,2018,Lake,,223602.0,12018Lake
1,2018,La Plata,273077.0,1675203.0,12018La Plata
1,2018,Jefferson,1278807.0,3912816.0,12018Jefferson
1,2018,Gunnison,,600542.0,12018Gunnison
1,2018,Grand,,462433.0,12018Grand
1,2018,Gilpin,,167184.0,12018Gilpin
1,2018,Garfield,249651.0,1391402.0,12018Garfield
1,2018,Fremont,134858.0,,12018Fremont
1,2018,El Paso,7661315.0,,12018El Paso
1,2018,Eagle,132762.0,1599616.0,12018Eagle
1,2018,Denver,13211845.0,28855834.0,12018Denver
1,2018,Costilla,,246490.0,12018Costilla
1,2018,Conejos,,390971.0,12018Conejos
1,2018,Clear Creek,29971.0,596376.0,12018Clear Creek
1,2018,Chaffee,,340366.0,12018Chaffee
1,2018,Boulder,1647031.0,6212027.0,12018Boulder
1,2018,Archuleta,,624455.0,12018Archuleta
1,2018,Arapahoe,844394.0,9032907.0,12018Arapahoe
1,2018,Adams,803293.0,6081061.0,12018Adams
12,2017,Weld,415204.0,2571924.0,122017Weld
12,2017,Summit,126502.0,2533302.0,122017Summit
12,2017,San Miguel,,395334.0,122017San Miguel
12,2017,Saguache,,98676.0,122017Saguache
12,2017,Routt,177246.0,956589.0,122017Routt
12,2017,Pueblo,514218.0,3707967.0,122017Pueblo
12,2017,Pitkin,60311.0,1271300.0,122017Pitkin
12,2017,Park,,367718.0,122017Park
12,2017,Ouray,,442518.0,122017Ouray
12,2017,Morgan,,920406.0,122017Morgan
12,2017,Montezuma,67895.0,1687019.0,122017Montezuma
12,2017,Mesa,,1063973.0,122017Mesa
12,2017,Las Animas,49588.0,4019496.0,122017Las Animas
12,2017,Larimer,1164472.0,5490891.0,122017Larimer
12,2017,Lake,,206999.0,122017Lake
12,2017,La Plata,300663.0,2010428.0,122017La Plata
12,2017,Jefferson,1427543.0,4291144.0,122017Jefferson
12,2017,Gunnison,,397636.0,122017Gunnison
12,2017,Grand,,435934.0,122017Grand
12,2017,Gilpin,,179250.0,122017Gilpin
12,2017,Garfield,233612.0,1681605.0,122017Garfield
12,2017,Fremont,146945.0,,122017Fremont
12,2017,El Paso,8513185.0,,122017El Paso
12,2017,Eagle,132404.0,1531387.0,122017Eagle
12,2017,Denver,14510755.0,32265126.0,122017Denver
12,2017,Costilla,,273773.0,122017Costilla
12,2017,Conejos,,434200.0,122017Conejos
12,2017,Clear Creek,32356.0,574268.0,122017Clear Creek
12,2017,Chaffee,,398262.0,122017Chaffee
12,2017,Boulder,1816738.0,6814221.0,122017Boulder
12,2017,Archuleta,,732699.0,122017Archuleta
12,2017,Arapahoe,881650.0,9761509.0,122017Arapahoe
12,2017,Adams,782044.0,6120302.0,122017Adams
11,2017,Weld,351629.0,2433403.0,112017Weld
11,2017,Summit,114788.0,1411797.0,112017Summit
11,2017,San Miguel,,181166.0,112017San Miguel
11,2017,Saguache,,95793.0,112017Saguache
11,2017,Routt,,661206.0,112017Routt
11,2017,Pueblo,501175.0,3320340.0,112017Pueblo
11,2017,Pitkin,53994.0,571977.0,112017Pitkin
11,2017,Park,,323525.0,112017Park
11,2017,Morgan,,880963.0,112017Morgan
11,2017,Montezuma,54431.0,1658451.0,112017Montezuma
11,2017,Mesa,,963023.0,112017Mesa
11,2017,Las Animas,36449.0,3956545.0,112017Las Animas
11,2017,Larimer,1095959.0,5125412.0,112017Larimer
11,2017,Lake,,174191.0,112017Lake
11,2017,La Plata,278348.0,1753119.0,112017La Plata
11,2017,Jefferson,1302651.0,3678694.0,112017Jefferson
11,2017,Gunnison,,433357.0,112017Gunnison
11,2017,Grand,,272045.0,112017Grand
11,2017,Gilpin,,188913.0,112017Gilpin
11,2017,Garfield,243896.0,1581537.0,112017Garfield
11,2017,Fremont,133101.0,,112017Fremont
11,2017,El Paso,7652843.0,,112017El Paso
11,2017,Eagle,118682.0,980728.0,112017Eagle
11,2017,Denver,15704331.0,31195308.0,112017Denver
11,2017,Costilla,,247946.0,112017Costilla
11,2017,Conejos,,424081.0,112017Conejos
11,2017,Clear Creek,38372.0,453940.0,112017Clear Creek
11,2017,Chaffee,,347798.0,112017Chaffee
11,2017,Boulder,1770651.0,6329971.0,112017Boulder
11,2017,Archuleta,,508490.0,112017Archuleta
11,2017,Arapahoe,755136.0,9034873.0,112017Arapahoe
11,2017,Adams,999483.0,5558469.0,112017Adams
10,2017,Weld,327093.0,2554620.0,102017Weld
10,2017,Summit,120951.0,1295739.0,102017Summit
10,2017,San Miguel,,266043.0,102017San Miguel
10,2017,Saguache,,117885.0,102017Saguache
10,2017,Routt,,771913.0,102017Routt
10,2017,Pueblo,538665.0,3525795.0,102017Pueblo
10,2017,Pitkin,57474.0,703705.0,102017Pitkin
10,2017,Park,,344712.0,102017Park
10,2017,Ouray,,504899.0,102017Ouray
10,2017,Morgan,,944046.0,102017Morgan
10,2017,Montezuma,61290.0,1759476.0,102017Montezuma
10,2017,Mesa,,1007121.0,102017Mesa
10,2017,Las Animas,35561.0,4192076.0,102017Las Animas
10,2017,Larimer,1124315.0,5315541.0,102017Larimer
10,2017,Lake,,205966.0,102017Lake
10,2017,La Plata,299503.0,1971031.0,102017La Plata
10,2017,Jefferson,1469845.0,4104272.0,102017Jefferson
10,2017,Gunnison,,562053.0,102017Gunnison
10,2017,Gilpin,,197522.0,102017Gilpin
10,2017,Garfield,265961.0,1773496.0,102017Garfield
10,2017,Fremont,143271.0,,102017Fremont
10,2017,El Paso,8153081.0,,102017El Paso
10,2017,Eagle,121584.0,982903.0,102017Eagle
10,2017,Denver,16854622.0,33586096.0,102017Denver
10,2017,Costilla,,356750.0,102017Costilla
10,2017,Conejos,,469150.0,102017Conejos
10,2017,Clear Creek,33021.0,485097.0,102017Clear Creek
10,2017,Chaffee,,452091.0,102017Chaffee
10,2017,Boulder,1869460.0,6744069.0,102017Boulder
10,2017,Archuleta,,574929.0,102017Archuleta
10,2017,Arapahoe,927716.0,9221783.0,102017Arapahoe
10,2017,Adams,948132.0,5441728.0,102017Adams
9,2017,Weld,330702.0,2723950.0,92017Weld
9,2017,Summit,115774.0,1561814.0,92017Summit
9,2017,San Miguel,,475875.0,92017San Miguel
9,2017,Saguache,,151900.0,92017Saguache
9,2017,Routt,,924592.0,92017Routt
9,2017,Pueblo,677550.0,3869882.0,92017Pueblo
9,2017,Pitkin,64771.0,1058088.0,92017Pitkin
9,2017,Park,,401682.0,92017Park
9,2017,Ouray,,641630.0,92017Ouray
9,2017,Morgan,,972694.0,92017Morgan
9,2017,Montezuma,74493.0,1890596.0,92017Montezuma
9,2017,Mesa,,931484.0,92017Mesa
9,2017,Las Animas,42148.0,4669330.0,92017Las Animas
9,2017,Larimer,1214136.0,5491456.0,92017Larimer
9,2017,Lake,,272842.0,92017Lake
9,2017,La Plata,301865.0,2211371.0,92017La Plata
9,2017,Jefferson,1391833.0,4335662.0,92017Jefferson
9,2017,Gunnison,,728296.0,92017Gunnison
9,2017,Grand,,355550.0,92017Grand
9,2017,Gilpin,,266428.0,92017Gilpin
9,2017,Garfield,320870.0,2104540.0,92017Garfield
9,2017,Fremont,166500.0,,92017Fremont
9,2017,El Paso,8591074.0,,92017El Paso
9,2017,Eagle,138445.0,1212598.0,92017Eagle
9,2017,Denver,17531038.0,34766657.0,92017Denver
9,2017,Costilla,,424241.0,92017Costilla
9,2017,Conejos,,555120.0,92017Conejos
9,2017,Clear Creek,45086.0,570485.0,92017Clear Creek
9,2017,Chaffee,,547218.0,92017Chaffee
9,2017,Boulder,1867935.0,7089840.0,92017Boulder
9,2017,Archuleta,,715518.0,92017Archuleta
9,2017,Arapahoe,868838.0,9476898.0,92017Arapahoe
9,2017,Adams,986385.0,5591544.0,92017Adams
8,2017,Weld,315417.0,2708742.0,82017Weld
8,2017,Summit,112638.0,1890882.0,82017Summit
8,2017,San Miguel,21450.0,450802.0,82017San Miguel
8,2017,Routt,,976301.0,82017Routt
8,2017,Pueblo,737016.0,3815493.0,82017Pueblo
8,2017,Pitkin,66581.0,1205815.0,82017Pitkin
8,2017,Park,,455141.0,82017Park
8,2017,Ouray,,621133.0,82017Ouray
8,2017,Morgan,,964989.0,82017Morgan
8,2017,Montezuma,93411.0,1862970.0,82017Montezuma
8,2017,Las Animas,45309.0,4437323.0,82017Las Animas
8,2017,Larimer,1206766.0,5554496.0,82017Larimer
8,2017,Lake,,322375.0,82017Lake
8,2017,La Plata,298055.0,2289292.0,82017La Plata
8,2017,Jefferson,1353370.0,4474575.0,82017Jefferson
8,2017,Gunnison,,809595.0,82017Gunnison
8,2017,Grand,,426846.0,82017Grand
8,2017,Gilpin,,251283.0,82017Gilpin
8,2017,Garfield,325823.0,2108270.0,82017Garfield
8,2017,Fremont,184251.0,,82017Fremont
8,2017,El Paso,8645974.0,,82017El Paso
8,2017,Eagle,154928.0,1394312.0,82017Eagle
8,2017,Denver,18574912.0,35043361.0,82017Denver
8,2017,Costilla,,400679.0,82017Costilla
8,2017,Conejos,,571105.0,82017Conejos
8,2017,Clear Creek,43341.0,632988.0,82017Clear Creek
8,2017,Chaffee,,614319.0,82017Chaffee
8,2017,Boulder,1883573.0,7401555.0,82017Boulder
8,2017,Archuleta,,776784.0,82017Archuleta
8,2017,Arapahoe,911448.0,9187128.0,82017Arapahoe
8,2017,Adams,1126750.0,5481342.0,82017Adams
7,2017,Weld,288400.0,2659205.0,72017Weld
7,2017,Summit,119533.0,2001214.0,72017Summit
7,2017,San Miguel,26729.0,521810.0,72017San Miguel
7,2017,Routt,,1009377.0,72017Routt
7,2017,Pueblo,684190.0,3762112.0,72017Pueblo
7,2017,Pitkin,74079.0,1267251.0,72017Pitkin
7,2017,Park,,465717.0,72017Park
7,2017,Morgan,,909700.0,72017Morgan
7,2017,Montezuma,73002.0,1884658.0,72017Montezuma
7,2017,Las Animas,,4383708.0,72017Las Animas
7,2017,Larimer,1186223.0,5303480.0,72017Larimer
7,2017,Lake,,320873.0,72017Lake
7,2017,La Plata,297527.0,2366747.0,72017La Plata
7,2017,Jefferson,1282271.0,4525746.0,72017Jefferson
7,2017,Gunnison,,892740.0,72017Gunnison
7,2017,Grand,,455029.0,72017Grand
7,2017,Gilpin,,271414.0,72017Gilpin
7,2017,Garfield,307082.0,2128843.0,72017Garfield
7,2017,Fremont,184871.0,,72017Fremont
7,2017,El Paso,8717083.0,,72017El Paso
7,2017,Eagle,142382.0,1159081.0,72017Eagle
7,2017,Denver,17274275.0,34007419.0,72017Denver
7,2017,Costilla,,453934.0,72017Costilla
7,2017,Conejos,,586118.0,72017Conejos
7,2017,Clear Creek,34954.0,678322.0,72017Clear Creek
7,2017,Chaffee,,662413.0,72017Chaffee
7,2017,Boulder,1851637.0,7070534.0,72017Boulder
7,2017,Archuleta,,884084.0,72017Archuleta
7,2017,Arapahoe,953749.0,9672770.0,72017Arapahoe
7,2017,Adams,971747.0,5462382.0,72017Adams
6,2017,Weld,301813.0,2545979.0,62017Weld
6,2017,Summit,104603.0,1503046.0,62017Summit
6,2017,San Miguel,24094.0,397687.0,62017San Miguel
6,2017,Routt,,796881.0,62017Routt
6,2017,Pueblo,707393.0,3465138.0,62017Pueblo
6,2017,Pitkin,69389.0,880604.0,62017Pitkin
6,2017,Park,,375371.0,62017Park
6,2017,Ouray,,583159.0,62017Ouray
6,2017,Morgan,,860998.0,62017Morgan
6,2017,Montezuma,81402.0,1863923.0,62017Montezuma
6,2017,Las Animas,32972.0,3836814.0,62017Las Animas
6,2017,Larimer,1134167.0,4929421.0,62017Larimer
6,2017,Lake,,248265.0,62017Lake
6,2017,La Plata,294220.0,2206045.0,62017La Plata
6,2017,Jefferson,1252570.0,4405653.0,62017Jefferson
6,2017,Gunnison,,522302.0,62017Gunnison
6,2017,Grand,,330529.0,62017Grand
6,2017,Gilpin,,256404.0,62017Gilpin
6,2017,Garfield,292213.0,2042113.0,62017Garfield
6,2017,Fremont,179179.0,,62017Fremont
6,2017,El Paso,9117656.0,,62017El Paso
6,2017,Eagle,129118.0,916059.0,62017Eagle
6,2017,Denver,17634832.0,31586804.0,62017Denver
6,2017,Costilla,,403056.0,62017Costilla
6,2017,Conejos,,510132.0,62017Conejos
6,2017,Clear Creek,57869.0,581672.0,62017Clear Creek
6,2017,Chaffee,,559238.0,62017Chaffee
6,2017,Boulder,1846713.0,6880933.0,62017Boulder
6,2017,Archuleta,,691943.0,62017Archuleta
6,2017,Arapahoe,1033427.0,9314356.0,62017Arapahoe
6,2017,Adams,1091425.0,5137782.0,62017Adams
5,2017,Weld,290867.0,2587473.0,52017Weld
5,2017,Summit,101828.0,1140913.0,52017Summit
5,2017,San Miguel,13661.0,189132.0,52017San Miguel
5,2017,Routt,,634839.0,52017Routt
5,2017,Pueblo,599384.0,3276386.0,52017Pueblo
5,2017,Pitkin,59097.0,485392.0,52017Pitkin
5,2017,Park,,314186.0,52017Park
5,2017,Ouray,,465454.0,52017Ouray
5,2017,Morgan,,841413.0,52017Morgan
5,2017,Montezuma,70134.0,1766079.0,52017Montezuma
5,2017,Las Animas,,3471581.0,52017Las Animas
5,2017,Larimer,1167689.0,4562024.0,52017Larimer
5,2017,Lake,,197459.0,52017Lake
5,2017,La Plata,313285.0,1980269.0,52017La Plata
5,2017,Jefferson,1274422.0,4370646.0,52017Jefferson
5,2017,Gunnison,,444435.0,52017Gunnison
5,2017,Grand,,218635.0,52017Grand
5,2017,Gilpin,,196823.0,52017Gilpin
5,2017,Garfield,321107.0,1911323.0,52017Garfield
5,2017,El Paso,8925573.0,,52017El Paso
5,2017,Eagle,124904.0,689235.0,52017Eagle
5,2017,Denver,18140806.0,30503582.0,52017Denver
5,2017,Costilla,,332894.0,52017Costilla
5,2017,Conejos,,444090.0,52017Conejos
5,2017,Clear Creek,55309.0,460991.0,52017Clear Creek
5,2017,Chaffee,,433627.0,52017Chaffee
5,2017,Boulder,1906922.0,6368428.0,52017Boulder
5,2017,Arapahoe,1171273.0,9370054.0,52017Arapahoe
5,2017,Adams,1075187.0,5013781.0,52017Adams
4,2017,Weld,293539.0,2626833.0,42017Weld
4,2017,Summit,141152.0,1630117.0,42017Summit
4,2017,San Miguel,18710.0,161211.0,42017San Miguel
4,2017,Routt,,689882.0,42017Routt
4,2017,Pueblo,583583.0,3094658.0,42017Pueblo
4,2017,Pitkin,,625875.0,42017Pitkin
4,2017,Park,,301838.0,42017Park
4,2017,Montezuma,72479.0,1683864.0,42017Montezuma
4,2017,Las Animas,30610.0,2875977.0,42017Las Animas
4,2017,Larimer,1235650.0,4578590.0,42017Larimer
4,2017,Lake,,196156.0,42017Lake
4,2017,La Plata,347940.0,1867263.0,42017La Plata
4,2017,Jefferson,1408453.0,4695857.0,42017Jefferson
4,2017,Gunnison,,432842.0,42017Gunnison
4,2017,Grand,,265989.0,42017Grand
4,2017,Gilpin,,191824.0,42017Gilpin
4,2017,Garfield,307340.0,1809692.0,42017Garfield
4,2017,Fremont,178131.0,,42017Fremont
4,2017,El Paso,8978250.0,,42017El Paso
4,2017,Eagle,160790.0,938098.0,42017Eagle
4,2017,Denver,19101844.0,30186897.0,42017Denver
4,2017,Costilla,,256910.0,42017Costilla
4,2017,Conejos,,404901.0,42017Conejos
4,2017,Clear Creek,53972.0,478629.0,42017Clear Creek
4,2017,Chaffee,,356366.0,42017Chaffee
4,2017,Boulder,2002527.0,5899546.0,42017Boulder
4,2017,Archuleta,,409149.0,42017Archuleta
4,2017,Arapahoe,1171574.0,9966130.0,42017Arapahoe
4,2017,Adams,1170547.0,4969567.0,42017Adams
3,2017,Weld,297470.0,2751277.0,32017Weld
3,2017,Summit,158399.0,2854198.0,32017Summit
3,2017,San Miguel,27209.0,477587.0,32017San Miguel
3,2017,Routt,,1010851.0,32017Routt
3,2017,Pueblo,676620.0,3341395.0,32017Pueblo
3,2017,Pitkin,74384.0,1277247.0,32017Pitkin
3,2017,Park,,356540.0,32017Park
3,2017,Montezuma,63516.0,1684919.0,32017Montezuma
3,2017,Las Animas,35131.0,3349342.0,32017Las Animas
3,2017,Larimer,1197682.0,4573556.0,32017Larimer
3,2017,La Plata,338875.0,2125562.0,32017La Plata
3,2017,Jefferson,1607995.0,4831958.0,32017Jefferson
3,2017,Gunnison,,617409.0,32017Gunnison
3,2017,Grand,,452276.0,32017Grand
3,2017,Gilpin,,216220.0,32017Gilpin
3,2017,Garfield,336144.0,1854980.0,32017Garfield
3,2017,Fremont,182868.0,,32017Fremont
3,2017,El Paso,9287927.0,,32017El Paso
3,2017,Eagle,163530.0,1472005.0,32017Eagle
3,2017,Denver,17960587.0,30626743.0,32017Denver
3,2017,Costilla,,295783.0,32017Costilla
3,2017,Conejos,,401292.0,32017Conejos
3,2017,Clear Creek,64572.0,640228.0,32017Clear Creek
3,2017,Chaffee,,423717.0,32017Chaffee
3,2017,Boulder,1997004.0,6322530.0,32017Boulder
3,2017,Archuleta,,605222.0,32017Archuleta
3,2017,Arapahoe,1334138.0,10106784.0,32017Arapahoe
3,2017,Adams,913402.0,5044686.0,32017Adams
2,2017,Weld,270319.0,2440896.0,22017Weld
2,2017,Summit,138716.0,2403241.0,22017Summit
2,2017,San Miguel,22889.0,394742.0,22017San Miguel
2,2017,Routt,161179.0,912576.0,22017Routt
2,2017,Pueblo,562271.0,2575500.0,22017Pueblo
2,2017,Pitkin,64017.0,1076901.0,22017Pitkin
2,2017,Park,,275968.0,22017Park
2,2017,Ouray,,331947.0,22017Ouray
2,2017,Morgan,,623494.0,22017Morgan
2,2017,Montezuma,57030.0,1275430.0,22017Montezuma
2,2017,Las Animas,31212.0,2558480.0,22017Las Animas
2,2017,Larimer,1041868.0,3771110.0,22017Larimer
2,2017,Lake,,187885.0,22017Lake
2,2017,La Plata,282052.0,1708769.0,22017La Plata
2,2017,Jefferson,1519126.0,3970982.0,22017Jefferson
2,2017,Gunnison,,493440.0,22017Gunnison
2,2017,Grand,,366095.0,22017Grand
2,2017,Gilpin,,180512.0,22017Gilpin
2,2017,Garfield,274508.0,1492785.0,22017Garfield
2,2017,Fremont,164115.0,,22017Fremont
2,2017,El Paso,7876520.0,,22017El Paso
2,2017,Eagle,136357.0,1277562.0,22017Eagle
2,2017,Denver,14300291.0,25223748.0,22017Denver
2,2017,Costilla,,214658.0,22017Costilla
2,2017,Conejos,,331768.0,22017Conejos
2,2017,Clear Creek,59126.0,551247.0,22017Clear Creek
2,2017,Chaffee,,311277.0,22017Chaffee
2,2017,Boulder,1728022.0,5165008.0,22017Boulder
2,2017,Archuleta,,498578.0,22017Archuleta
2,2017,Arapahoe,1330979.0,8243087.0,22017Arapahoe
2,2017,Adams,602151.0,4117924.0,22017Adams
1,2017,Weld,267811.0,2382718.0,12017Weld
1,2017,Summit,,2678675.0,12017Summit
1,2017,San Miguel,35319.0,426586.0,12017San Miguel
1,2017,Routt,186048.0,938153.0,12017Routt
1,2017,Pueblo,515017.0,2334107.0,12017Pueblo
1,2017,Pitkin,66911.0,1164037.0,12017Pitkin
1,2017,Park,,267804.0,12017Park
1,2017,Ouray,,326182.0,12017Ouray
1,2017,Montezuma,55703.0,1146208.0,12017Montezuma
1,2017,Las Animas,,2162976.0,12017Las Animas
1,2017,Larimer,1099359.0,3695944.0,12017Larimer
1,2017,Lake,,188571.0,12017Lake
1,2017,La Plata,301119.0,1655168.0,12017La Plata
1,2017,Jefferson,1370186.0,4098431.0,12017Jefferson
1,2017,Gunnison,,546542.0,12017Gunnison
1,2017,Grand,,378163.0,12017Grand
1,2017,Gilpin,,157003.0,12017Gilpin
1,2017,Garfield,308266.0,1373945.0,12017Garfield
1,2017,El Paso,7656270.0,,12017El Paso
1,2017,Eagle,135334.0,1297711.0,12017Eagle
1,2017,Denver,15275938.0,25681498.0,12017Denver
1,2017,Costilla,,214330.0,12017Costilla
1,2017,Conejos,,294331.0,12017Conejos
1,2017,Clear Creek,52434.0,584198.0,12017Clear Creek
1,2017,Chaffee,,316009.0,12017Chaffee
1,2017,Boulder,1943678.0,5351831.0,12017Boulder
1,2017,Arapahoe,1137598.0,8481055.0,12017Arapahoe
1,2017,Adams,520138.0,4192709.0,12017Adams
12,2016,Weld,309108.0,2486668.0,122016Weld
12,2016,Summit,163465.0,2203456.0,122016Summit
12,2016,San Miguel,30626.0,316572.0,122016San Miguel
12,2016,Routt,188092.0,789398.0,122016Routt
12,2016,Pueblo,637069.0,2566125.0,122016Pueblo
12,2016,Pitkin,70724.0,1065431.0,122016Pitkin
12,2016,Park,,301869.0,122016Park
12,2016,Ouray,,334503.0,122016Ouray
12,2016,Morgan,,579314.0,122016Morgan
12,2016,Montezuma,,1211288.0,122016Montezuma
12,2016,Las Animas,,2389493.0,122016Las Animas
12,2016,Larimer,1260854.0,4145435.0,122016Larimer
12,2016,Lake,,182830.0,122016Lake
12,2016,La Plata,334003.0,2011310.0,122016La Plata
12,2016,Jefferson,1545983.0,4354956.0,122016Jefferson
12,2016,Gunnison,,530400.0,122016Gunnison
12,2016,Grand,,390044.0,122016Grand
12,2016,Gilpin,,204163.0,122016Gilpin
12,2016,Garfield,322592.0,1451481.0,122016Garfield
12,2016,Fremont,173405.0,,122016Fremont
12,2016,El Paso,8417826.0,,122016El Paso
12,2016,Eagle,163815.0,1398924.0,122016Eagle
12,2016,Denver,16064917.0,27400081.0,122016Denver
12,2016,Costilla,,223780.0,122016Costilla
12,2016,Conejos,,339375.0,122016Conejos
12,2016,Clear Creek,61999.0,526729.0,122016Clear Creek
12,2016,Chaffee,,351614.0,122016Chaffee
12,2016,Boulder,2510721.0,5821440.0,122016Boulder
12,2016,Arapahoe,1447994.0,9260969.0,122016Arapahoe
12,2016,Adams,568391.0,4593466.0,122016Adams
11,2016,Weld,,2417762.0,112016Weld
11,2016,Summit,,1314039.0,112016Summit
11,2016,San Miguel,30453.0,146596.0,112016San Miguel
11,2016,Routt,168346.0,593501.0,112016Routt
11,2016,Pueblo,659236.0,2583047.0,112016Pueblo
11,2016,Pitkin,60322.0,445008.0,112016Pitkin
11,2016,Park,,277990.0,112016Park
11,2016,Ouray,,298217.0,112016Ouray
11,2016,Morgan,,558715.0,112016Morgan
11,2016,Montezuma,62866.0,1212346.0,112016Montezuma
11,2016,Las Animas,,2305460.0,112016Las Animas
11,2016,Larimer,1211727.0,3964140.0,112016Larimer
11,2016,La Plata,339564.0,1718599.0,112016La Plata
11,2016,Jefferson,1474361.0,3935409.0,112016Jefferson
11,2016,Gunnison,,390416.0,112016Gunnison
11,2016,Grand,,250357.0,112016Grand
11,2016,Gilpin,,187219.0,112016Gilpin
11,2016,Garfield,317199.0,1372095.0,112016Garfield
11,2016,El Paso,8011818.0,,112016El Paso
11,2016,Eagle,150334.0,886933.0,112016Eagle
11,2016,Denver,17182972.0,26146211.0,112016Denver
11,2016,Costilla,,228406.0,112016Costilla
11,2016,Conejos,,320078.0,112016Conejos
11,2016,Clear Creek,70063.0,431209.0,112016Clear Creek
11,2016,Chaffee,,308023.0,112016Chaffee
11,2016,Boulder,2099029.0,5444937.0,112016Boulder
11,2016,Arapahoe,1458869.0,8514717.0,112016Arapahoe
11,2016,Adams,529977.0,4396031.0,112016Adams
10,2016,Weld,242582.0,2535546.0,102016Weld
10,2016,Summit,156993.0,1235632.0,102016Summit
10,2016,San Miguel,40475.0,242681.0,102016San Miguel
10,2016,Routt,205695.0,665803.0,102016Routt
10,2016,Pueblo,645119.0,2730719.0,102016Pueblo
10,2016,Pitkin,71227.0,527278.0,102016Pitkin
10,2016,Park,,304140.0,102016Park
10,2016,Ouray,,404670.0,102016Ouray
10,2016,Morgan,,621119.0,102016Morgan
10,2016,Montezuma,65684.0,1412949.0,102016Montezuma
10,2016,Las Animas,,2343718.0,102016Las Animas
10,2016,Larimer,1303215.0,4204839.0,102016Larimer
10,2016,Lake,,198027.0,102016Lake
10,2016,La Plata,376178.0,1954316.0,102016La Plata
10,2016,Jefferson,1637140.0,4226976.0,102016Jefferson
10,2016,Gunnison,,481440.0,102016Gunnison
10,2016,Grand,,258512.0,102016Grand
10,2016,Gilpin,,253131.0,102016Gilpin
10,2016,Garfield,342751.0,1608072.0,102016Garfield
10,2016,Fremont,189039.0,,102016Fremont
10,2016,El Paso,8569109.0,,102016El Paso
10,2016,Eagle,173346.0,852099.0,102016Eagle
10,2016,Denver,17196445.0,28578229.0,102016Denver
10,2016,Costilla,,265876.0,102016Costilla
10,2016,Conejos,,380038.0,102016Conejos
10,2016,Clear Creek,69509.0,486814.0,102016Clear Creek
10,2016,Chaffee,,352254.0,102016Chaffee
10,2016,Boulder,2202702.0,5993882.0,102016Boulder
10,2016,Arapahoe,1472572.0,8954428.0,102016Arapahoe
10,2016,Adams,416490.0,4578245.0,102016Adams
9,2016,Weld,356553.0,2567248.0,92016Weld
9,2016,Summit,142523.0,1412253.0,92016Summit
9,2016,San Miguel,52220.0,437620.0,92016San Miguel
9,2016,Routt,,835572.0,92016Routt
9,2016,Pueblo,924444.0,3140055.0,92016Pueblo
9,2016,Pitkin,79255.0,852785.0,92016Pitkin
9,2016,Park,,359173.0,92016Park
9,2016,Ouray,,515896.0,92016Ouray
9,2016,Morgan,,652609.0,92016Morgan
9,2016,Montezuma,84028.0,1439910.0,92016Montezuma
9,2016,Las Animas,,2485885.0,92016Las Animas
9,2016,Larimer,1335581.0,4343498.0,92016Larimer
9,2016,Lake,,251980.0,92016Lake
9,2016,La Plata,442682.0,2226213.0,92016La Plata
9,2016,Jefferson,1611356.0,4537417.0,92016Jefferson
9,2016,Gunnison,,627401.0,92016Gunnison
9,2016,Gilpin,,300505.0,92016Gilpin
9,2016,Garfield,425704.0,1754542.0,92016Garfield
9,2016,Fremont,239079.0,,92016Fremont
9,2016,El Paso,9387013.0,,92016El Paso
9,2016,Eagle,191615.0,995070.0,92016Eagle
9,2016,Denver,19190347.0,29423313.0,92016Denver
9,2016,Costilla,,342066.0,92016Costilla
9,2016,Conejos,,435435.0,92016Conejos
9,2016,Clear Creek,76291.0,608871.0,92016Clear Creek
9,2016,Chaffee,,489993.0,92016Chaffee
9,2016,Boulder,2337601.0,6306894.0,92016Boulder
9,2016,Arapahoe,1493979.0,9183907.0,92016Arapahoe
9,2016,Adams,412289.0,4668880.0,92016Adams
8,2016,Weld,340391.0,2444651.0,82016Weld
8,2016,Summit,165787.0,1702918.0,82016Summit
8,2016,San Miguel,47479.0,411794.0,82016San Miguel
8,2016,Routt,171608.0,888583.0,82016Routt
8,2016,Pueblo,945662.0,2940830.0,82016Pueblo
8,2016,Pitkin,101521.0,1017858.0,82016Pitkin
8,2016,Park,,378230.0,82016Park
8,2016,Ouray,,492384.0,82016Ouray
8,2016,Montezuma,88650.0,1297984.0,82016Montezuma
8,2016,Las Animas,,2193813.0,82016Las Animas
8,2016,Larimer,1416132.0,4318202.0,82016Larimer
8,2016,Lake,,297877.0,82016Lake
8,2016,La Plata,447191.0,2212954.0,82016La Plata
8,2016,Jefferson,1704885.0,4468831.0,82016Jefferson
8,2016,Gunnison,,477649.0,82016Gunnison
8,2016,Grand,,401001.0,82016Grand
8,2016,Gilpin,,284116.0,82016Gilpin
8,2016,Garfield,492910.0,1712513.0,82016Garfield
8,2016,Fremont,241413.0,,82016Fremont
8,2016,El Paso,9379173.0,,82016El Paso
8,2016,Eagle,207938.0,1120217.0,82016Eagle
8,2016,Denver,20203873.0,27642402.0,82016Denver
8,2016,Costilla,,369689.0,82016Costilla
8,2016,Conejos,,424132.0,82016Conejos
8,2016,Clear Creek,90213.0,660536.0,82016Clear Creek
8,2016,Boulder,2346058.0,6420613.0,82016Boulder
8,2016,Arapahoe,1587942.0,9084765.0,82016Arapahoe
8,2016,Adams,405729.0,4444010.0,82016Adams
7,2016,Weld,335697.0,2381224.0,72016Weld
7,2016,Summit,170367.0,1760408.0,72016Summit
7,2016,San Miguel,43759.0,446217.0,72016San Miguel
7,2016,Routt,157223.0,882414.0,72016Routt
7,2016,Pueblo,1351605.0,2995085.0,72016Pueblo
7,2016,Pitkin,97253.0,1062245.0,72016Pitkin
7,2016,Park,,381198.0,72016Park
7,2016,Ouray,,505470.0,72016Ouray
7,2016,Morgan,,634140.0,72016Morgan
7,2016,Montezuma,104162.0,1187679.0,72016Montezuma
7,2016,Las Animas,,2179979.0,72016Las Animas
7,2016,Larimer,1355537.0,4181160.0,72016Larimer
7,2016,Lake,,274691.0,72016Lake
7,2016,La Plata,429948.0,2306604.0,72016La Plata
7,2016,Jefferson,1706015.0,4318330.0,72016Jefferson
7,2016,Gunnison,,459794.0,72016Gunnison
7,2016,Grand,,381080.0,72016Grand
7,2016,Gilpin,,267260.0,72016Gilpin
7,2016,Garfield,443929.0,1628885.0,72016Garfield
7,2016,Fremont,229800.0,,72016Fremont
7,2016,El Paso,9016410.0,,72016El Paso
7,2016,Eagle,203569.0,1111856.0,72016Eagle
7,2016,Denver,19516909.0,25938973.0,72016Denver
7,2016,Costilla,,383906.0,72016Costilla
7,2016,Conejos,,436196.0,72016Conejos
7,2016,Clear Creek,69153.0,672704.0,72016Clear Creek
7,2016,Boulder,2288359.0,6365624.0,72016Boulder
7,2016,Arapahoe,1544755.0,8738376.0,72016Arapahoe
7,2016,Adams,407856.0,4154813.0,72016Adams
6,2016,Weld,301573.0,2024804.0,62016Weld
6,2016,Summit,153626.0,1253529.0,62016Summit
6,2016,San Miguel,43855.0,329083.0,62016San Miguel
6,2016,Routt,140614.0,649366.0,62016Routt
6,2016,Pueblo,1386239.0,2365115.0,62016Pueblo
6,2016,Pitkin,94197.0,673427.0,62016Pitkin
6,2016,Park,,299449.0,62016Park
6,2016,Morgan,,549251.0,62016Morgan
6,2016,Montezuma,96553.0,914168.0,62016Montezuma
6,2016,Las Animas,,1622815.0,62016Las Animas
6,2016,Larimer,1222737.0,3648840.0,62016Larimer
6,2016,Lake,,206574.0,62016Lake
6,2016,La Plata,441148.0,1939519.0,62016La Plata
6,2016,Jefferson,1538630.0,3753947.0,62016Jefferson
6,2016,Gunnison,,479935.0,62016Gunnison
6,2016,Grand,,261059.0,62016Grand
6,2016,Gilpin,,243952.0,62016Gilpin
6,2016,Garfield,426581.0,1333408.0,62016Garfield
6,2016,Fremont,212028.0,,62016Fremont
6,2016,El Paso,8443101.0,,62016El Paso
6,2016,Eagle,211161.0,842569.0,62016Eagle
6,2016,Denver,18632737.0,21841675.0,62016Denver
6,2016,Costilla,,265269.0,62016Costilla
6,2016,Conejos,,332403.0,62016Conejos
6,2016,Clear Creek,68418.0,553669.0,62016Clear Creek
6,2016,Chaffee,,455848.0,62016Chaffee
6,2016,Boulder,2271053.0,5541278.0,62016Boulder
6,2016,Arapahoe,1485581.0,7565406.0,62016Arapahoe
6,2016,Adams,379841.0,3434567.0,62016Adams
5,2016,Weld,360773.0,2043048.0,52016Weld
5,2016,Summit,161710.0,991298.0,52016Summit
5,2016,San Miguel,37042.0,157740.0,52016San Miguel
5,2016,Routt,,514632.0,52016Routt
5,2016,Pueblo,1262557.0,2184317.0,52016Pueblo
5,2016,Pitkin,80601.0,392581.0,52016Pitkin
5,2016,Park,,237775.0,52016Park
5,2016,Ouray,,325887.0,52016Ouray
5,2016,Morgan,,543167.0,52016Morgan
5,2016,Montezuma,100642.0,842550.0,52016Montezuma
5,2016,Las Animas,,1456567.0,52016Las Animas
5,2016,Larimer,1292029.0,3465166.0,52016Larimer
5,2016,Lake,,147684.0,52016Lake
5,2016,La Plata,400259.0,1740113.0,52016La Plata
5,2016,Jefferson,1679965.0,3572041.0,52016Jefferson
5,2016,Gunnison,,344705.0,52016Gunnison
5,2016,Grand,,189787.0,52016Grand
5,2016,Gilpin,,225826.0,52016Gilpin
5,2016,Garfield,526740.0,1210134.0,52016Garfield
5,2016,Fremont,207499.0,,52016Fremont
5,2016,El Paso,8343490.0,,52016El Paso
5,2016,Eagle,194685.0,650881.0,52016Eagle
5,2016,Denver,17833330.0,21615189.0,52016Denver
5,2016,Costilla,,223862.0,52016Costilla
5,2016,Conejos,,257716.0,52016Conejos
5,2016,Clear Creek,83258.0,452848.0,52016Clear Creek
5,2016,Chaffee,,333276.0,52016Chaffee
5,2016,Boulder,2436555.0,5315292.0,52016Boulder
5,2016,Arapahoe,1511924.0,7426175.0,52016Arapahoe
5,2016,Adams,391906.0,3360096.0,52016Adams
4,2016,Weld,425780.0,2029498.0,42016Weld
4,2016,Summit,201583.0,1391044.0,42016Summit
4,2016,San Miguel,44771.0,138111.0,42016San Miguel
4,2016,Routt,188783.0,550366.0,42016Routt
4,2016,Pueblo,1248985.0,2069169.0,42016Pueblo
4,2016,Pitkin,88482.0,501414.0,42016Pitkin
4,2016,Park,,199423.0,42016Park
4,2016,Montezuma,114171.0,727306.0,42016Montezuma
4,2016,Las Animas,,1258520.0,42016Las Animas
4,2016,Larimer,1388304.0,3233416.0,42016Larimer
4,2016,La Plata,410448.0,1598561.0,42016La Plata
4,2016,Jefferson,1727954.0,3572554.0,42016Jefferson
4,2016,Gunnison,,325678.0,42016Gunnison
4,2016,Grand,,233601.0,42016Grand
4,2016,Gilpin,,190800.0,42016Gilpin
4,2016,Garfield,468925.0,1153014.0,42016Garfield
4,2016,Fremont,217581.0,,42016Fremont
4,2016,El Paso,8357949.0,,42016El Paso
4,2016,Eagle,231691.0,820436.0,42016Eagle
4,2016,Denver,17690729.0,22606396.0,42016Denver
4,2016,Costilla,,184198.0,42016Costilla
4,2016,Conejos,,221411.0,42016Conejos
4,2016,Clear Creek,80570.0,423714.0,42016Clear Creek
4,2016,Chaffee,,300638.0,42016Chaffee
4,2016,Boulder,2706731.0,5082136.0,42016Boulder
4,2016,Arapahoe,1682301.0,7531661.0,42016Arapahoe
4,2016,Adams,387146.0,3187313.0,42016Adams
3,2016,Weld,,2034731.0,32016Weld
3,2016,Summit,,2395692.0,32016Summit
3,2016,Routt,220567.0,759132.0,32016Routt
3,2016,Pueblo,1240646.0,2074591.0,32016Pueblo
3,2016,Pitkin,103033.0,1082334.0,32016Pitkin
3,2016,Park,,229022.0,32016Park
3,2016,Montezuma,102939.0,728890.0,32016Montezuma
3,2016,Las Animas,,1284687.0,32016Las Animas
3,2016,Larimer,1401215.0,3197373.0,32016Larimer
3,2016,La Plata,404686.0,1679875.0,32016La Plata
3,2016,Jefferson,1715396.0,3327498.0,32016Jefferson
3,2016,Gunnison,,490823.0,32016Gunnison
3,2016,Grand,,360353.0,32016Grand
3,2016,Gilpin,,188204.0,32016Gilpin
3,2016,Garfield,425553.0,1095523.0,32016Garfield
3,2016,Fremont,207942.0,,32016Fremont
3,2016,El Paso,8537583.0,,32016El Paso
3,2016,Eagle,264913.0,1283537.0,32016Eagle
3,2016,Denver,17353519.0,21459311.0,32016Denver
3,2016,Costilla,,195952.0,32016Costilla
3,2016,Conejos,,211950.0,32016Conejos
3,2016,Clear Creek,87829.0,561094.0,32016Clear Creek
3,2016,Chaffee,,350973.0,32016Chaffee
3,2016,Boulder,2718254.0,5138199.0,32016Boulder
3,2016,Arapahoe,1601551.0,7112616.0,32016Arapahoe
3,2016,Adams,347344.0,2909379.0,32016Adams
2,2016,Weld,395983.0,1866786.0,22016Weld
2,2016,Summit,212147.0,2116576.0,22016Summit
2,2016,San Miguel,46544.0,339892.0,22016San Miguel
2,2016,Routt,193928.0,772020.0,22016Routt
2,2016,Pueblo,980275.0,1686427.0,22016Pueblo
2,2016,Pitkin,95627.0,964350.0,22016Pitkin
2,2016,Park,,176302.0,22016Park
2,2016,Montezuma,102860.0,600808.0,22016Montezuma
2,2016,Las Animas,,1012648.0,22016Las Animas
2,2016,Larimer,1341468.0,2878307.0,22016Larimer
2,2016,La Plata,360382.0,1484507.0,22016La Plata
2,2016,Jefferson,1589401.0,2970642.0,22016Jefferson
2,2016,Gunnison,,413264.0,22016Gunnison
2,2016,Grand,,279018.0,22016Grand
2,2016,Gilpin,,172887.0,22016Gilpin
2,2016,Garfield,386348.0,860185.0,22016Garfield
2,2016,El Paso,7548713.0,,22016El Paso
2,2016,Eagle,234659.0,1176777.0,22016Eagle
2,2016,Denver,15302180.0,19129746.0,22016Denver
2,2016,Costilla,,153417.0,22016Costilla
2,2016,Conejos,,163449.0,22016Conejos
2,2016,Clear Creek,89373.0,535811.0,22016Clear Creek
2,2016,Chaffee,,281840.0,22016Chaffee
2,2016,Boulder,2517617.0,4477304.0,22016Boulder
2,2016,Arapahoe,1502406.0,6229934.0,22016Arapahoe
2,2016,Adams,331503.0,2597102.0,22016Adams
1,2016,Weld,356636.0,1793538.0,12016Weld
1,2016,Summit,228510.0,2338782.0,12016Summit
1,2016,San Miguel,,385569.0,12016San Miguel
1,2016,Routt,203373.0,792416.0,12016Routt
1,2016,Pueblo,822153.0,1466234.0,12016Pueblo
1,2016,Pitkin,93239.0,1008558.0,12016Pitkin
1,2016,Park,,187006.0,12016Park
1,2016,Montezuma,79330.0,532773.0,12016Montezuma
1,2016,Las Animas,,922872.0,12016Las Animas
1,2016,Larimer,1310553.0,2708125.0,12016Larimer
1,2016,La Plata,364582.0,1396817.0,12016La Plata
1,2016,Jefferson,1624527.0,3020022.0,12016Jefferson
1,2016,Gunnison,,400086.0,12016Gunnison
1,2016,Grand,,287813.0,12016Grand
1,2016,Gilpin,,136475.0,12016Gilpin
1,2016,Garfield,342951.0,821090.0,12016Garfield
1,2016,Fremont,160049.0,,12016Fremont
1,2016,El Paso,7124874.0,,12016El Paso
1,2016,Eagle,258266.0,1214652.0,12016Eagle
1,2016,Denver,14692917.0,18969263.0,12016Denver
1,2016,Clear Creek,103212.0,550192.0,12016Clear Creek
1,2016,Chaffee,,268240.0,12016Chaffee
1,2016,Boulder,2565967.0,4499880.0,12016Boulder
1,2016,Arapahoe,1547734.0,5949573.0,12016Arapahoe
1,2016,Adams,363668.0,2544485.0,12016Adams
12,2015,Weld,384896.0,1849039.0,122015Weld
12,2015,Summit,234110.0,1750307.0,122015Summit
12,2015,San Miguel,45244.0,275068.0,122015San Miguel
12,2015,Routt,203563.0,655561.0,122015Routt
12,2015,Pueblo,1251262.0,1530280.0,122015Pueblo
12,2015,Pitkin,83107.0,895847.0,122015Pitkin
12,2015,Park,,188927.0,122015Park
12,2015,Montezuma,89934.0,559469.0,122015Montezuma
12,2015,Las Animas,,921083.0,122015Las Animas
12,2015,Larimer,1374506.0,2818206.0,122015Larimer
12,2015,La Plata,370071.0,1460381.0,122015La Plata
12,2015,Jefferson,1745285.0,3153194.0,122015Jefferson
12,2015,Gunnison,,365817.0,122015Gunnison
12,2015,Grand,,274910.0,122015Grand
12,2015,Gilpin,,145319.0,122015Gilpin
12,2015,Garfield,318985.0,801776.0,122015Garfield
12,2015,Fremont,160693.0,,122015Fremont
12,2015,El Paso,7639235.0,,122015El Paso
12,2015,Eagle,273264.0,948426.0,122015Eagle
12,2015,Denver,16255498.0,19339032.0,122015Denver
12,2015,Clear Creek,81631.0,492005.0,122015Clear Creek
12,2015,Boulder,2807281.0,4621551.0,122015Boulder
12,2015,Arapahoe,1606205.0,6055214.0,122015Arapahoe
12,2015,Adams,441833.0,2706310.0,122015Adams
11,2015,Weld,361925.0,1688077.0,112015Weld
11,2015,Summit,214387.0,1022796.0,112015Summit
11,2015,San Miguel,39568.0,121095.0,112015San Miguel
11,2015,Routt,182755.0,437492.0,112015Routt
11,2015,Pueblo,776637.0,1447179.0,112015Pueblo
11,2015,Pitkin,78898.0,348178.0,112015Pitkin
11,2015,Park,,168909.0,112015Park
11,2015,Montezuma,93505.0,528833.0,112015Montezuma
11,2015,Las Animas,,850923.0,112015Las Animas
11,2015,Larimer,1263937.0,2561270.0,112015Larimer
11,2015,La Plata,332966.0,1192549.0,112015La Plata
11,2015,Jefferson,1654954.0,2816172.0,112015Jefferson
11,2015,Gunnison,,250041.0,112015Gunnison
11,2015,Grand,,149468.0,112015Grand
11,2015,Gilpin,,165186.0,112015Gilpin
11,2015,Garfield,276743.0,706287.0,112015Garfield
11,2015,Fremont,146376.0,,112015Fremont
11,2015,El Paso,6629977.0,,112015El Paso
11,2015,Eagle,239175.0,608573.0,112015Eagle
11,2015,Denver,13509435.0,17834233.0,112015Denver
11,2015,Clear Creek,65544.0,382303.0,112015Clear Creek
11,2015,Chaffee,,257406.0,112015Chaffee
11,2015,Boulder,2441291.0,4312311.0,112015Boulder
11,2015,Arapahoe,1474373.0,5485411.0,112015Arapahoe
11,2015,Adams,411536.0,2426969.0,112015Adams
10,2015,Weld,418307.0,1908470.0,102015Weld
10,2015,Summit,215459.0,968236.0,102015Summit
10,2015,San Miguel,50875.0,195014.0,102015San Miguel
10,2015,Routt,201592.0,563187.0,102015Routt
10,2015,Pueblo,863610.0,1710792.0,102015Pueblo
10,2015,Pitkin,80160.0,443764.0,102015Pitkin
10,2015,Park,,201525.0,102015Park
10,2015,Montezuma,106843.0,627049.0,102015Montezuma
10,2015,Las Animas,,1035512.0,102015Las Animas
10,2015,Larimer,1452878.0,2885257.0,102015Larimer
10,2015,La Plata,404921.0,1541740.0,102015La Plata
10,2015,Jefferson,1881358.0,3091341.0,102015Jefferson
10,2015,Grand,,166746.0,102015Grand
10,2015,Gilpin,,185948.0,102015Gilpin
10,2015,Garfield,404126.0,872142.0,102015Garfield
10,2015,Fremont,178145.0,,102015Fremont
10,2015,El Paso,8065363.0,,102015El Paso
10,2015,Eagle,294270.0,590827.0,102015Eagle
10,2015,Denver,16398610.0,19085375.0,102015Denver
10,2015,Clear Creek,87040.0,419695.0,102015Clear Creek
10,2015,Chaffee,,325900.0,102015Chaffee
10,2015,Boulder,2816381.0,4777912.0,102015Boulder
10,2015,Arapahoe,1743830.0,5728782.0,102015Arapahoe
10,2015,Adams,435580.0,2446592.0,102015Adams
9,2015,Weld,447995.0,1804494.0,92015Weld
9,2015,Summit,235065.0,1024344.0,92015Summit
9,2015,San Miguel,53511.0,330093.0,92015San Miguel
9,2015,Routt,216833.0,576410.0,92015Routt
9,2015,Pueblo,1004209.0,1721621.0,92015Pueblo
9,2015,Pitkin,90803.0,627987.0,92015Pitkin
9,2015,Park,,185916.0,92015Park
9,2015,Ouray,,342064.0,92015Ouray
9,2015,Montezuma,122425.0,605971.0,92015Montezuma
9,2015,Las Animas,,1018744.0,92015Las Animas
9,2015,Larimer,1546038.0,2735329.0,92015Larimer
9,2015,La Plata,489476.0,1596319.0,92015La Plata
9,2015,Jefferson,2096374.0,2859786.0,92015Jefferson
9,2015,Gunnison,,333527.0,92015Gunnison
9,2015,Grand,,182101.0,92015Grand
9,2015,Gilpin,31881.0,206010.0,92015Gilpin
9,2015,Garfield,558081.0,888159.0,92015Garfield
9,2015,Fremont,262093.0,,92015Fremont
9,2015,El Paso,8632187.0,,92015El Paso
9,2015,Eagle,306549.0,632711.0,92015Eagle
9,2015,Denver,18017794.0,19062651.0,92015Denver
9,2015,Clear Creek,98054.0,490483.0,92015Clear Creek
9,2015,Chaffee,,391518.0,92015Chaffee
9,2015,Boulder,2808636.0,4564394.0,92015Boulder
9,2015,Arapahoe,1821831.0,5321883.0,92015Arapahoe
9,2015,Adams,456102.0,2066128.0,92015Adams
8,2015,Weld,429172.0,1964176.0,82015Weld
8,2015,Summit,237146.0,1325273.0,82015Summit
8,2015,San Miguel,48630.0,367696.0,82015San Miguel
8,2015,Routt,197957.0,649959.0,82015Routt
8,2015,Pueblo,879622.0,1894167.0,82015Pueblo
8,2015,Pitkin,100615.0,815391.0,82015Pitkin
8,2015,Park,,220562.0,82015Park
8,2015,Montezuma,141894.0,602753.0,82015Montezuma
8,2015,Las Animas,,1043528.0,82015Las Animas
8,2015,Larimer,1506663.0,2921981.0,82015Larimer
8,2015,La Plata,468119.0,1517581.0,82015La Plata
8,2015,Jefferson,2119709.0,3008160.0,82015Jefferson
8,2015,Gunnison,,454015.0,82015Gunnison
8,2015,Grand,,234153.0,82015Grand
8,2015,Gilpin,33160.0,209981.0,82015Gilpin
8,2015,Garfield,623488.0,919088.0,82015Garfield
8,2015,Fremont,247910.0,,82015Fremont
8,2015,El Paso,8703525.0,,82015El Paso
8,2015,Eagle,321194.0,755726.0,82015Eagle
8,2015,Denver,18920270.0,20586503.0,82015Denver
8,2015,Clear Creek,99241.0,549270.0,82015Clear Creek
8,2015,Chaffee,,529711.0,82015Chaffee
8,2015,Boulder,2854869.0,5076823.0,82015Boulder
8,2015,Arapahoe,1782767.0,5068738.0,82015Arapahoe
8,2015,Adams,414843.0,2007490.0,82015Adams
7,2015,Weld,364477.0,1878564.0,72015Weld
7,2015,Summit,246327.0,1304307.0,72015Summit
7,2015,San Miguel,51293.0,387509.0,72015San Miguel
7,2015,Routt,186072.0,631836.0,72015Routt
7,2015,Pueblo,699033.0,1852589.0,72015Pueblo
7,2015,Pitkin,94939.0,850341.0,72015Pitkin
7,2015,Park,,235832.0,72015Park
7,2015,Montezuma,142880.0,572832.0,72015Montezuma
7,2015,Las Animas,,1009958.0,72015Las Animas
7,2015,Larimer,1401524.0,2714363.0,72015Larimer
7,2015,La Plata,486029.0,1529417.0,72015La Plata
7,2015,Jefferson,2038463.0,2891081.0,72015Jefferson
7,2015,Gunnison,,454862.0,72015Gunnison
7,2015,Grand,,230218.0,72015Grand
7,2015,Gilpin,,185927.0,72015Gilpin
7,2015,Garfield,481231.0,953213.0,72015Garfield
7,2015,Fremont,242306.0,,72015Fremont
7,2015,El Paso,8504081.0,,72015El Paso
7,2015,Eagle,310266.0,745007.0,72015Eagle
7,2015,Denver,19786382.0,19851838.0,72015Denver
7,2015,Clear Creek,97914.0,558033.0,72015Clear Creek
7,2015,Boulder,2638188.0,4926814.0,72015Boulder
7,2015,Arapahoe,1629440.0,4482419.0,72015Arapahoe
7,2015,Adams,456679.0,1822902.0,72015Adams
6,2015,Weld,287920.0,1693656.0,62015Weld
6,2015,Summit,215753.0,925580.0,62015Summit
6,2015,San Miguel,51852.0,315531.0,62015San Miguel
6,2015,Routt,159915.0,485969.0,62015Routt
6,2015,Pueblo,569375.0,1517777.0,62015Pueblo
6,2015,Pitkin,77058.0,570064.0,62015Pitkin
6,2015,Park,,191938.0,62015Park
6,2015,Montezuma,127877.0,463559.0,62015Montezuma
6,2015,Las Animas,,714276.0,62015Las Animas
6,2015,Larimer,1219011.0,2321397.0,62015Larimer
6,2015,La Plata,425100.0,1283234.0,62015La Plata
6,2015,Jefferson,1833049.0,2584940.0,62015Jefferson
6,2015,Gunnison,,273865.0,62015Gunnison
6,2015,Grand,,142695.0,62015Grand
6,2015,Gilpin,,183787.0,62015Gilpin
6,2015,Garfield,430562.0,798425.0,62015Garfield
6,2015,Fremont,205924.0,,62015Fremont
6,2015,El Paso,7050814.0,,62015El Paso
6,2015,Eagle,259462.0,534649.0,62015Eagle
6,2015,Denver,16545160.0,17280785.0,62015Denver
6,2015,Clear Creek,90303.0,441514.0,62015Clear Creek
6,2015,Boulder,2363534.0,4273572.0,62015Boulder
6,2015,Arapahoe,1525525.0,3753244.0,62015Arapahoe
6,2015,Adams,441872.0,,62015Adams
5,2015,Weld,342765.0,1636318.0,52015Weld
5,2015,Summit,224409.0,719343.0,52015Summit
5,2015,San Miguel,,153689.0,52015San Miguel
5,2015,Routt,163870.0,419611.0,52015Routt
5,2015,Pueblo,396182.0,1482501.0,52015Pueblo
5,2015,Pitkin,57287.0,329419.0,52015Pitkin
5,2015,Park,,154563.0,52015Park
5,2015,Montezuma,136143.0,403035.0,52015Montezuma
5,2015,Las Animas,,606835.0,52015Las Animas
5,2015,Larimer,1292742.0,2292433.0,52015Larimer
5,2015,La Plata,452253.0,1155547.0,52015La Plata
5,2015,Jefferson,1933694.0,2538231.0,52015Jefferson
5,2015,Gunnison,,176131.0,52015Gunnison
5,2015,Gilpin,,143079.0,52015Gilpin
5,2015,Garfield,407487.0,720995.0,52015Garfield
5,2015,Fremont,200945.0,,52015Fremont
5,2015,El Paso,6793848.0,,52015El Paso
5,2015,Eagle,259399.0,432292.0,52015Eagle
5,2015,Denver,15598475.0,17590490.0,52015Denver
5,2015,Clear Creek,96276.0,348152.0,52015Clear Creek
5,2015,Chaffee,,312605.0,52015Chaffee
5,2015,Boulder,2451648.0,4281906.0,52015Boulder
5,2015,Arapahoe,1588756.0,3615509.0,52015Arapahoe
5,2015,Adams,495716.0,1687270.0,52015Adams
4,2015,Weld,350491.0,1521411.0,42015Weld
4,2015,Summit,305570.0,953219.0,42015Summit
4,2015,San Miguel,38531.0,150531.0,42015San Miguel
4,2015,Routt,193801.0,433152.0,42015Routt
4,2015,Pueblo,389146.0,1318252.0,42015Pueblo
4,2015,Pitkin,65486.0,426689.0,42015Pitkin
4,2015,Park,,121375.0,42015Park
4,2015,Montezuma,124006.0,313150.0,42015Montezuma
4,2015,Las Animas,,471514.0,42015Las Animas
4,2015,Larimer,1277080.0,2045132.0,42015Larimer
4,2015,La Plata,493486.0,930516.0,42015La Plata
4,2015,Jefferson,1931784.0,2429996.0,42015Jefferson
4,2015,Gunnison,,160176.0,42015Gunnison
4,2015,Gilpin,,130946.0,42015Gilpin
4,2015,Garfield,381432.0,644631.0,42015Garfield
4,2015,Fremont,198045.0,,42015Fremont
4,2015,El Paso,6540175.0,,42015El Paso
4,2015,Eagle,287781.0,516095.0,42015Eagle
4,2015,Denver,14953494.0,18946519.0,42015Denver
4,2015,Clear Creek,76243.0,365896.0,42015Clear Creek
4,2015,Chaffee,,250729.0,42015Chaffee
4,2015,Boulder,2559060.0,3973545.0,42015Boulder
4,2015,Arapahoe,1559596.0,3257101.0,42015Arapahoe
4,2015,Adams,474341.0,1611106.0,42015Adams
3,2015,Weld,386290.0,1443488.0,32015Weld
3,2015,Summit,292686.0,1727608.0,32015Summit
3,2015,San Miguel,50730.0,375409.0,32015San Miguel
3,2015,Routt,199449.0,616913.0,32015Routt
3,2015,Pueblo,463245.0,1355119.0,32015Pueblo
3,2015,Pitkin,85006.0,896693.0,32015Pitkin
3,2015,Park,,146105.0,32015Park
3,2015,Montezuma,133639.0,254446.0,32015Montezuma
3,2015,Las Animas,,415008.0,32015Las Animas
3,2015,Larimer,1320406.0,1943174.0,32015Larimer
3,2015,La Plata,1017530.0,1020552.0,32015La Plata
3,2015,Jefferson,1861813.0,2224610.0,32015Jefferson
3,2015,Gunnison,,296334.0,32015Gunnison
3,2015,Gilpin,,117004.0,32015Gilpin
3,2015,Garfield,379738.0,642659.0,32015Garfield
3,2015,Fremont,194875.0,,32015Fremont
3,2015,El Paso,6380331.0,,32015El Paso
3,2015,Eagle,337864.0,862396.0,32015Eagle
3,2015,Denver,14406613.0,17121933.0,32015Denver
3,2015,Clear Creek,82344.0,485304.0,32015Clear Creek
3,2015,Boulder,2525620.0,3856723.0,32015Boulder
3,2015,Arapahoe,1562845.0,2615133.0,32015Arapahoe
3,2015,Adams,479975.0,1497796.0,32015Adams
2,2015,Weld,364563.0,1270638.0,22015Weld
2,2015,Summit,246053.0,1393552.0,22015Summit
2,2015,San Miguel,41195.0,300473.0,22015San Miguel
2,2015,Pueblo,358140.0,1039417.0,22015Pueblo
2,2015,Pitkin,75050.0,705757.0,22015Pitkin
2,2015,Montezuma,104595.0,159174.0,22015Montezuma
2,2015,Las Animas,,287148.0,22015Las Animas
2,2015,Larimer,1111034.0,1685559.0,22015Larimer
2,2015,La Plata,892507.0,840795.0,22015La Plata
2,2015,Jefferson,1700441.0,1960725.0,22015Jefferson
2,2015,Gunnison,,224407.0,22015Gunnison
2,2015,Gilpin,28410.0,104647.0,22015Gilpin
2,2015,Garfield,348057.0,535881.0,22015Garfield
2,2015,Fremont,175136.0,,22015Fremont
2,2015,El Paso,5578020.0,,22015El Paso
2,2015,Eagle,292481.0,735296.0,22015Eagle
2,2015,Denver,12841486.0,14411812.0,22015Denver
2,2015,Clear Creek,77001.0,416086.0,22015Clear Creek
2,2015,Boulder,2257951.0,3209140.0,22015Boulder
2,2015,Arapahoe,1402007.0,2114064.0,22015Arapahoe
2,2015,Adams,434375.0,,22015Adams
1,2015,Weld,340278.0,1199406.0,12015Weld
1,2015,Summit,255639.0,1685111.0,12015Summit
1,2015,San Miguel,50579.0,374588.0,12015San Miguel
1,2015,Pueblo,359950.0,1063092.0,12015Pueblo
1,2015,Pitkin,90522.0,813722.0,12015Pitkin
1,2015,Montezuma,114767.0,,12015Montezuma
1,2015,Las Animas,,224113.0,12015Las Animas
1,2015,Larimer,1141214.0,1728021.0,12015Larimer
1,2015,La Plata,893330.0,798627.0,12015La Plata
1,2015,Jefferson,1868844.0,2108127.0,12015Jefferson
1,2015,Gunnison,,273043.0,12015Gunnison
1,2015,Gilpin,31006.0,112455.0,12015Gilpin
1,2015,Garfield,325730.0,616641.0,12015Garfield
1,2015,Fremont,180201.0,,12015Fremont
1,2015,El Paso,5582451.0,,12015El Paso
1,2015,Eagle,316095.0,825587.0,12015Eagle
1,2015,Denver,13374117.0,15485689.0,12015Denver
1,2015,Clear Creek,79640.0,455108.0,12015Clear Creek
1,2015,Boulder,2501072.0,3565252.0,12015Boulder
1,2015,Arapahoe,1493744.0,1844768.0,12015Arapahoe
1,2015,Adams,421362.0,1189877.0,12015Adams
12,2014,Weld,394521.0,1071049.0,122014Weld
12,2014,Summit,205226.0,1256397.0,122014Summit
12,2014,San Miguel,43788.0,292834.0,122014San Miguel
12,2014,Routt,169025.0,493734.0,122014Routt
12,2014,Pueblo,399460.0,1158670.0,122014Pueblo
12,2014,Pitkin,84226.0,599569.0,122014Pitkin
12,2014,Montezuma,117849.0,,122014Montezuma
12,2014,Larimer,1316194.0,1613144.0,122014Larimer
12,2014,La Plata,497203.0,838948.0,122014La Plata
12,2014,Jefferson,1832756.0,1990092.0,122014Jefferson
12,2014,Gunnison,,228173.0,122014Gunnison
12,2014,Gilpin,34112.0,103121.0,122014Gilpin
12,2014,Garfield,283365.0,560065.0,122014Garfield
12,2014,Fremont,178729.0,,122014Fremont
12,2014,El Paso,5517533.0,,122014El Paso
12,2014,Eagle,277950.0,710631.0,122014Eagle
12,2014,Denver,12138739.0,14797861.0,122014Denver
12,2014,Clear Creek,83182.0,371997.0,122014Clear Creek
12,2014,Boulder,2548354.0,3592405.0,122014Boulder
12,2014,Arapahoe,1498465.0,1416559.0,122014Arapahoe
12,2014,Adams,470394.0,1445817.0,122014Adams
11,2014,Weld,416639.0,992006.0,112014Weld
11,2014,Summit,163698.0,706675.0,112014Summit
11,2014,San Miguel,26291.0,169659.0,112014San Miguel
11,2014,Pueblo,324106.0,1137217.0,112014Pueblo
11,2014,Pitkin,72294.0,216781.0,112014Pitkin
11,2014,Larimer,1185998.0,1493948.0,112014Larimer
11,2014,La Plata,459409.0,647493.0,112014La Plata
11,2014,Jefferson,1837165.0,1679786.0,112014Jefferson
11,2014,Gunnison,,133062.0,112014Gunnison
11,2014,Garfield,318967.0,507297.0,112014Garfield
11,2014,Fremont,159257.0,,112014Fremont
11,2014,El Paso,5223552.0,,112014El Paso
11,2014,Eagle,210732.0,373883.0,112014Eagle
11,2014,Denver,13469383.0,13742869.0,112014Denver
11,2014,Clear Creek,91727.0,298012.0,112014Clear Creek
11,2014,Boulder,2400813.0,3196349.0,112014Boulder
11,2014,Arapahoe,1345048.0,805369.0,112014Arapahoe
11,2014,Adams,480189.0,1304091.0,112014Adams
10,2014,Weld,361629.0,1126809.0,102014Weld
10,2014,Summit,178233.0,632225.0,102014Summit
10,2014,San Miguel,36239.0,278409.0,102014San Miguel
10,2014,Pueblo,352545.0,1245865.0,102014Pueblo
10,2014,Pitkin,86614.0,246079.0,102014Pitkin
10,2014,Larimer,1232929.0,1523402.0,102014Larimer
10,2014,La Plata,531825.0,,102014La Plata
10,2014,Jefferson,1923839.0,1714442.0,102014Jefferson
10,2014,Gunnison,,184394.0,102014Gunnison
10,2014,Garfield,389617.0,553834.0,102014Garfield
10,2014,Fremont,174220.0,,102014Fremont
10,2014,El Paso,5742846.0,,102014El Paso
10,2014,Eagle,206273.0,356123.0,102014Eagle
10,2014,Denver,15006222.0,14895186.0,102014Denver
10,2014,Clear Creek,102858.0,338132.0,102014Clear Creek
10,2014,Boulder,2660593.0,3477557.0,102014Boulder
10,2014,Arapahoe,1396842.0,,102014Arapahoe
10,2014,Adams,474637.0,,102014Adams
9,2014,Weld,287891.0,1201206.0,92014Weld
9,2014,Summit,179358.0,726128.0,92014Summit
9,2014,San Miguel,39758.0,501532.0,92014San Miguel
9,2014,Routt,167807.0,,92014Routt
9,2014,Pueblo,436843.0,1386314.0,92014Pueblo
9,2014,Pitkin,100612.0,316259.0,92014Pitkin
9,2014,Montezuma,125628.0,,92014Montezuma
9,2014,Larimer,1315740.0,1378589.0,92014Larimer
9,2014,La Plata,623331.0,,92014La Plata
9,2014,Jefferson,1845807.0,1701706.0,92014Jefferson
9,2014,Gunnison,,255533.0,92014Gunnison
9,2014,Gilpin,39786.0,138821.0,92014Gilpin
9,2014,Garfield,527700.0,537711.0,92014Garfield
9,2014,Fremont,233349.0,,92014Fremont
9,2014,El Paso,5953327.0,,92014El Paso
9,2014,Eagle,181480.0,379890.0,92014Eagle
9,2014,Denver,15196933.0,14364191.0,92014Denver
9,2014,Clear Creek,102603.0,375860.0,92014Clear Creek
9,2014,Boulder,2715576.0,3314834.0,92014Boulder
9,2014,Arapahoe,1353297.0,,92014Arapahoe
9,2014,Adams,453206.0,,92014Adams
8,2014,Weld,275556.0,1291047.0,82014Weld
8,2014,Summit,177412.0,941538.0,82014Summit
8,2014,San Miguel,46369.0,591931.0,82014San Miguel
8,2014,Routt,170505.0,,82014Routt
8,2014,Pueblo,460037.0,1685115.0,82014Pueblo
8,2014,Pitkin,115179.0,502231.0,82014Pitkin
8,2014,Montezuma,132833.0,,82014Montezuma
8,2014,Larimer,1207539.0,1340810.0,82014Larimer
8,2014,La Plata,657993.0,,82014La Plata
8,2014,Jefferson,2021406.0,1858831.0,82014Jefferson
8,2014,Gunnison,,309611.0,82014Gunnison
8,2014,Gilpin,42366.0,155054.0,82014Gilpin
8,2014,Garfield,531623.0,603468.0,82014Garfield
8,2014,Fremont,268966.0,,82014Fremont
8,2014,El Paso,6327504.0,,82014El Paso
8,2014,Eagle,171357.0,414091.0,82014Eagle
8,2014,Denver,15861744.0,15901236.0,82014Denver
8,2014,Clear Creek,102919.0,480132.0,82014Clear Creek
8,2014,Chaffee,75887.0,,82014Chaffee
8,2014,Boulder,2728671.0,3644021.0,82014Boulder
8,2014,Arapahoe,1453140.0,,82014Arapahoe
8,2014,Adams,481873.0,,82014Adams
7,2014,Weld,303374.0,1168267.0,72014Weld
7,2014,Summit,189746.0,981349.0,72014Summit
7,2014,San Miguel,49131.0,548213.0,72014San Miguel
7,2014,Pueblo,459326.0,1985679.0,72014Pueblo
7,2014,Pitkin,117930.0,505148.0,72014Pitkin
7,2014,Montezuma,120802.0,,72014Montezuma
7,2014,Larimer,1087000.0,1083910.0,72014Larimer
7,2014,La Plata,604088.0,,72014La Plata
7,2014,Jefferson,1913729.0,1699749.0,72014Jefferson
7,2014,Gunnison,,307664.0,72014Gunnison
7,2014,Gilpin,36110.0,160328.0,72014Gilpin
7,2014,Garfield,446439.0,403958.0,72014Garfield
7,2014,Fremont,250084.0,,72014Fremont
7,2014,El Paso,5895119.0,,72014El Paso
7,2014,Eagle,165132.0,,72014Eagle
7,2014,Denver,14083010.0,14518417.0,72014Denver
7,2014,Clear Creek,108796.0,473299.0,72014Clear Creek
7,2014,Chaffee,92938.0,,72014Chaffee
7,2014,Boulder,2547883.0,3192671.0,72014Boulder
7,2014,Arapahoe,1470823.0,,72014Arapahoe
7,2014,Adams,452488.0,,72014Adams
6,2014,Weld,470633.0,795293.0,62014Weld
6,2014,Summit,203354.0,686139.0,62014Summit
6,2014,San Miguel,75455.0,451452.0,62014San Miguel
6,2014,Pueblo,403341.0,1571864.0,62014Pueblo
6,2014,Pitkin,110679.0,322473.0,62014Pitkin
6,2014,Montezuma,115548.0,,62014Montezuma
6,2014,Larimer,1112079.0,,62014Larimer
6,2014,La Plata,544589.0,,62014La Plata
6,2014,Jefferson,1889080.0,1445315.0,62014Jefferson
6,2014,Gilpin,38278.0,145630.0,62014Gilpin
6,2014,Garfield,418280.0,392391.0,62014Garfield
6,2014,Fremont,228665.0,,62014Fremont
6,2014,El Paso,5342494.0,,62014El Paso
6,2014,Eagle,132878.0,,62014Eagle
6,2014,Denver,13476218.0,12245778.0,62014Denver
6,2014,Clear Creek,97965.0,396938.0,62014Clear Creek
6,2014,Chaffee,96647.0,,62014Chaffee
6,2014,Boulder,2507058.0,2593735.0,62014Boulder
6,2014,Arapahoe,1425313.0,,62014Arapahoe
6,2014,Adams,433176.0,,62014Adams
5,2014,Weld,516873.0,694205.0,52014Weld
5,2014,Summit,201566.0,545898.0,52014Summit
5,2014,San Miguel,49679.0,257276.0,52014San Miguel
5,2014,Routt,159620.0,,52014Routt
5,2014,Pueblo,452196.0,1417017.0,52014Pueblo
5,2014,Pitkin,95001.0,185390.0,52014Pitkin
5,2014,Montezuma,120385.0,,52014Montezuma
5,2014,Larimer,1116171.0,,52014Larimer
5,2014,La Plata,561810.0,,52014La Plata
5,2014,Jefferson,2037535.0,1435895.0,52014Jefferson
5,2014,Gilpin,42979.0,116815.0,52014Gilpin
5,2014,Garfield,434235.0,292839.0,52014Garfield
5,2014,Fremont,239918.0,,52014Fremont
5,2014,El Paso,5518910.0,,52014El Paso
5,2014,Eagle,146126.0,,52014Eagle
5,2014,Denver,14150620.0,11300905.0,52014Denver
5,2014,Clear Creek,97349.0,320076.0,52014Clear Creek
5,2014,Chaffee,88974.0,,52014Chaffee
5,2014,Boulder,2823124.0,2354205.0,52014Boulder
5,2014,Arapahoe,1511922.0,,52014Arapahoe
5,2014,Adams,467977.0,,52014Adams
4,2014,Weld,519545.0,521853.0,42014Weld
4,2014,Summit,243097.0,757131.0,42014Summit
4,2014,San Miguel,64107.0,188733.0,42014San Miguel
4,2014,Routt,186308.0,,42014Routt
4,2014,Pueblo,401959.0,1132339.0,42014Pueblo
4,2014,Pitkin,123525.0,227021.0,42014Pitkin
4,2014,Montezuma,108703.0,,42014Montezuma
4,2014,Larimer,1162178.0,,42014Larimer
4,2014,La Plata,613521.0,,42014La Plata
4,2014,Jefferson,2039086.0,1368618.0,42014Jefferson
4,2014,Gilpin,43162.0,114408.0,42014Gilpin
4,2014,Garfield,371447.0,,42014Garfield
4,2014,Fremont,225243.0,,42014Fremont
4,2014,El Paso,5535184.0,,42014El Paso
4,2014,Eagle,178397.0,,42014Eagle
4,2014,Denver,15064678.0,12005332.0,42014Denver
4,2014,Clear Creek,92791.0,369117.0,42014Clear Creek
4,2014,Boulder,3136133.0,1835900.0,42014Boulder
4,2014,Arapahoe,1517828.0,,42014Arapahoe
4,2014,Adams,452636.0,,42014Adams
3,2014,Weld,580961.0,,32014Weld
3,2014,Summit,253937.0,1427935.0,32014Summit
3,2014,San Miguel,75215.0,319620.0,32014San Miguel
3,2014,Routt,214650.0,,32014Routt
3,2014,Pueblo,375711.0,1196018.0,32014Pueblo
3,2014,Pitkin,157541.0,,32014Pitkin
3,2014,Larimer,1234344.0,,32014Larimer
3,2014,La Plata,587114.0,,32014La Plata
3,2014,Jefferson,2014285.0,1056723.0,32014Jefferson
3,2014,Gilpin,33416.0,131685.0,32014Gilpin
3,2014,Garfield,401766.0,,32014Garfield
3,2014,Fremont,222270.0,,32014Fremont
3,2014,El Paso,5929766.0,,32014El Paso
3,2014,Eagle,201147.0,,32014Eagle
3,2014,Denver,16102218.0,10746117.0,32014Denver
3,2014,Clear Creek,106955.0,524541.0,32014Clear Creek
3,2014,Boulder,3505875.0,1396479.0,32014Boulder
3,2014,Arapahoe,1490219.0,,32014Arapahoe
3,2014,Adams,477275.0,,32014Adams
2,2014,Weld,671024.0,,22014Weld
2,2014,Summit,244818.0,1063383.0,22014Summit
2,2014,San Miguel,94099.0,230470.0,22014San Miguel
2,2014,Routt,209165.0,,22014Routt
2,2014,Pueblo,418489.0,823156.0,22014Pueblo
2,2014,Pitkin,161237.0,,22014Pitkin
2,2014,Montezuma,103266.0,,22014Montezuma
2,2014,Larimer,1009841.0,,22014Larimer
2,2014,La Plata,521985.0,,22014La Plata
2,2014,Jefferson,2044484.0,880367.0,22014Jefferson
2,2014,Gilpin,32325.0,113337.0,22014Gilpin
2,2014,Garfield,373432.0,,22014Garfield
2,2014,Fremont,215839.0,,22014Fremont
2,2014,El Paso,5116438.0,,22014El Paso
2,2014,Eagle,185360.0,,22014Eagle
2,2014,Denver,14680476.0,8349069.0,22014Denver
2,2014,Clear Creek,111164.0,445976.0,22014Clear Creek
2,2014,Boulder,3345413.0,,22014Boulder
2,2014,Arapahoe,1210155.0,,22014Arapahoe
2,2014,Adams,454940.0,,22014Adams
1,2014,Weld,657150.0,,12014Weld
1,2014,Summit,271441.0,1274208.0,12014Summit
1,2014,San Miguel,164384.0,338934.0,12014San Miguel
1,2014,Routt,239509.0,,12014Routt
1,2014,Pueblo,419894.0,,12014Pueblo
1,2014,Pitkin,194865.0,,12014Pitkin
1,2014,Montezuma,100634.0,,12014Montezuma
1,2014,Larimer,964948.0,,12014Larimer
1,2014,La Plata,523193.0,,12014La Plata
1,2014,Jefferson,1979386.0,853675.0,12014Jefferson
1,2014,Gunnison,36244.0,,12014Gunnison
1,2014,Gilpin,28798.0,197379.0,12014Gilpin
1,2014,Garfield,396086.0,,12014Garfield
1,2014,Fremont,134388.0,,12014Fremont
1,2014,El Paso,4923633.0,,12014El Paso
1,2014,Eagle,203060.0,,12014Eagle
1,2014,Denver,15351083.0,8482593.0,12014Denver
1,2014,Clear Creek,143736.0,459640.0,12014Clear Creek
1,2014,Chaffee,83714.0,,12014Chaffee
1,2014,Boulder,3417873.0,,12014Boulder
1,2014,Arapahoe,1188232.0,,12014Arapahoe
1,2014,Adams,683098.0,,12014Adams
1,2020,Park,,388731.0,12020Park
1,2020,Grand,,626116.0,12020Grand
1,2020,Adams,633417.0,9161056.0,12020Adams
1,2020,La Plata,,2345450.0,12020La Plata
1,2020,Costilla,,334578.0,12020Costilla
1,2020,Sum of NR Counties,28219107.0,111660730.0,12020Sum of NR Counties
1,2020,Montezuma,,1741219.0,12020Montezuma
1,2020,El Paso,8446189.0,,12020El Paso
1,2020,Saguache,,254895.0,12020Saguache
1,2020,Eagle,112180.0,1964595.0,12020Eagle
1,2020,Summit,,2873525.0,12020Summit
1,2020,Morgan,,1501900.0,12020Morgan
1,2020,Garfield,99505.0,1779794.0,12020Garfield
1,2020,Mesa,,1395679.0,12020Mesa
1,2020,Archuleta,,842953.0,12020Archuleta
1,2020,Weld,288641.0,2326213.0,12020Weld
1,2020,Pitkin,,1501527.0,12020Pitkin
1,2020,Gunnison,,641199.0,12020Gunnison
1,2020,Larimer,763518.0,7671046.0,12020Larimer
1,2020,Chaffee,,502604.0,12020Chaffee
1,2020,Gilpin,,240660.0,12020Gilpin
1,2020,Jefferson,1517024.0,4389257.0,12020Jefferson
1,2020,Denver,12561679.0,32725429.0,12020Denver
1,2020,San Miguel,,546613.0,12020San Miguel
1,2020,Arapahoe,797863.0,11255656.0,12020Arapahoe
1,2020,Ouray,,696495.0,12020Ouray
1,2020,Las Animas,26742.0,3806589.0,12020Las Animas
1,2020,Pueblo,764458.0,6107269.0,12020Pueblo
1,2020,Huerfano,,162039.0,12020Huerfano
1,2020,Boulder,1154221.0,8048704.0,12020Boulder
1,2020,Routt,162666.0,1362765.0,12020Routt
1,2020,Clear Creek,,688968.0,12020Clear Creek
